2026-05-25T23:10:04.998+07:00  INFO 13556 --- [auctionweb] [Thread-0] o.apache.catalina.core.StandardService   : Starting service [Tomcat]
2026-05-25T23:10:05.033+07:00  INFO 13556 --- [auctionweb] [Thread-0] o.apache.catalina.core.StandardEngine    : Starting Servlet engine: [Apache Tomcat/10.1.20]
2026-05-25T23:10:05.125+07:00  INFO 13556 --- [auctionweb] [Thread-0] o.a.c.c.C.[Tomcat].[localhost].[/]       : Initializing Spring embedded WebApplicationContext
2026-05-25T23:10:05.451+07:00  INFO 13556 --- [auctionweb] [Thread-0] o.hibernate.jpa.internal.util.LogHelper  : HHH000204: Processing PersistenceUnitInfo [name: default]
2026-05-25T23:10:05.554+07:00  INFO 13556 --- [auctionweb] [Thread-0] org.hibernate.Version                    : HHH000412: Hibernate ORM core version 6.4.4.Final
2026-05-25T23:10:05.590+07:00  INFO 13556 --- [auctionweb] [Thread-0] o.h.c.internal.RegionFactoryInitiator    : HHH000026: Second-level cache disabled
2026-05-25T23:10:05.849+07:00  INFO 13556 --- [auctionweb] [Thread-0] com.zaxxer.hikari.HikariDataSource       : HikariPool-1 - Starting...
2026-05-25T23:10:06.681+07:00  INFO 13556 --- [auctionweb] [Thread-0] com.zaxxer.hikari.pool.HikariPool        : HikariPool-1 - Added connection com.mysql.cj.jdbc.ConnectionImpl@7ec69818
2026-05-25T23:10:06.683+07:00  INFO 13556 --- [auctionweb] [Thread-0] com.zaxxer.hikari.HikariDataSource       : HikariPool-1 - Start completed.
2026-05-25T23:10:06.847+07:00  WARN 13556 --- [auctionweb] [Thread-0] org.hibernate.orm.deprecation            : HHH90000025: MySQLDialect does not need to be specified explicitly using 'hibernate.dialect' (remove the property setting and it will be selected by default)
2026-05-25T23:10:07.758+07:00  INFO 13556 --- [auctionweb] [Thread-0] o.h.e.t.j.p.i.JtaPlatformInitiator       : HHH000489: No JTA platform available (set 'hibernate.transaction.jta.platform' to enable JTA platform integration)
2026-05-25T23:10:15.896+07:00  INFO 13556 --- [auctionweb] [http-nio-8080-exec-1] o.a.c.c.C.[Tomcat].[localhost].[/]       : Initializing Spring DispatcherServlet 'dispatcherServlet'
2026-05-25T23:12:48.774+07:00  INFO 13556 --- [auctionweb] [SpringApplicationShutdownHook] com.zaxxer.hikari.HikariDataSource       : HikariPool-1 - Shutdown initiated...
2026-05-25T23:12:48.781+07:00  INFO 13556 --- [auctionweb] [SpringApplicationShutdownHook] com.zaxxer.hikari.HikariDataSource       : HikariPool-1 - Shutdown completed.
2026-05-25T23:15:02.625+07:00  INFO 7268 --- [auctionweb] [Thread-0] o.apache.catalina.core.StandardService   : Starting service [Tomcat]
2026-05-25T23:15:02.627+07:00  INFO 7268 --- [auctionweb] [Thread-0] o.apache.catalina.core.StandardEngine    : Starting Servlet engine: [Apache Tomcat/10.1.20]
2026-05-25T23:15:02.684+07:00  INFO 7268 --- [auctionweb] [Thread-0] o.a.c.c.C.[Tomcat].[localhost].[/]       : Initializing Spring embedded WebApplicationContext
2026-05-25T23:15:02.928+07:00  INFO 7268 --- [auctionweb] [Thread-0] o.hibernate.jpa.internal.util.LogHelper  : HHH000204: Processing PersistenceUnitInfo [name: default]
2026-05-25T23:15:02.986+07:00  INFO 7268 --- [auctionweb] [Thread-0] org.hibernate.Version                    : HHH000412: Hibernate ORM core version 6.4.4.Final
2026-05-25T23:15:03.016+07:00  INFO 7268 --- [auctionweb] [Thread-0] o.h.c.internal.RegionFactoryInitiator    : HHH000026: Second-level cache disabled
2026-05-25T23:15:03.198+07:00  INFO 7268 --- [auctionweb] [Thread-0] com.zaxxer.hikari.HikariDataSource       : HikariPool-1 - Starting...
2026-05-25T23:15:03.841+07:00  INFO 7268 --- [auctionweb] [Thread-0] com.zaxxer.hikari.pool.HikariPool        : HikariPool-1 - Added connection com.mysql.cj.jdbc.ConnectionImpl@10b0ed93
2026-05-25T23:15:03.843+07:00  INFO 7268 --- [auctionweb] [Thread-0] com.zaxxer.hikari.HikariDataSource       : HikariPool-1 - Start completed.
2026-05-25T23:15:03.990+07:00  WARN 7268 --- [auctionweb] [Thread-0] org.hibernate.orm.deprecation            : HHH90000025: MySQLDialect does not need to be specified explicitly using 'hibernate.dialect' (remove the property setting and it will be selected by default)
2026-05-25T23:15:04.781+07:00  INFO 7268 --- [auctionweb] [Thread-0] o.h.e.t.j.p.i.JtaPlatformInitiator       : HHH000489: No JTA platform available (set 'hibernate.transaction.jta.platform' to enable JTA platform integration)
2026-05-25T23:15:12.965+07:00  INFO 7268 --- [auctionweb] [http-nio-8080-exec-1] o.a.c.c.C.[Tomcat].[localhost].[/]       : Initializing Spring DispatcherServlet 'dispatcherServlet'
2026-05-25T23:16:20.604+07:00  INFO 7268 --- [auctionweb] [auction-async-2] c.n.a.backend.service.AuctionService     : Auto-bid: Bidder 2 placed 80000.00 on auction 15 (max: 600000.00)
2026-05-25T23:16:30.077+07:00  INFO 7268 --- [auctionweb] [auction-async-6] c.n.a.backend.service.AuctionService     : Auto-bid: Bidder 2 placed 130000.00 on auction 15 (max: 600000.00)
2026-05-25T23:17:02.445+07:00  INFO 7268 --- [auctionweb] [auction-async-2] c.n.a.backend.service.AuctionService     : Auto-bid: Deactivated config for bidder 5 (maxBid 100000000.00 reached, current price 100000000.00)
2026-05-25T23:17:45.119+07:00  WARN 7268 --- [auctionweb] [http-nio-8080-exec-3] o.h.engine.jdbc.spi.SqlExceptionHelper   : SQL Error: 1264, SQLState: 22001
2026-05-25T23:17:45.119+07:00 ERROR 7268 --- [auctionweb] [http-nio-8080-exec-3] o.h.engine.jdbc.spi.SqlExceptionHelper   : Data truncation: Out of range value for column 'current_price' at row 1
2026-05-25T23:18:11.642+07:00  INFO 7268 --- [auctionweb] [auction-async-4] c.n.a.backend.service.AuctionService     : Auto-bid: Bidder 2 placed 101050000.00 on auction 15 (max: 100000000000.00)
2026-05-25T23:46:36.295+07:00  INFO 18088 --- [auctionweb] [Thread-0] o.apache.catalina.core.StandardService   : Starting service [Tomcat]
2026-05-25T23:46:36.297+07:00  INFO 18088 --- [auctionweb] [Thread-0] o.apache.catalina.core.StandardEngine    : Starting Servlet engine: [Apache Tomcat/10.1.20]
2026-05-25T23:46:36.349+07:00  INFO 18088 --- [auctionweb] [Thread-0] o.a.c.c.C.[Tomcat].[localhost].[/]       : Initializing Spring embedded WebApplicationContext
2026-05-25T23:46:36.536+07:00  INFO 18088 --- [auctionweb] [Thread-0] o.hibernate.jpa.internal.util.LogHelper  : HHH000204: Processing PersistenceUnitInfo [name: default]
2026-05-25T23:46:36.581+07:00  INFO 18088 --- [auctionweb] [Thread-0] org.hibernate.Version                    : HHH000412: Hibernate ORM core version 6.4.4.Final
2026-05-25T23:46:36.607+07:00  INFO 18088 --- [auctionweb] [Thread-0] o.h.c.internal.RegionFactoryInitiator    : HHH000026: Second-level cache disabled
2026-05-25T23:46:36.764+07:00  INFO 18088 --- [auctionweb] [Thread-0] com.zaxxer.hikari.HikariDataSource       : HikariPool-1 - Starting...
2026-05-25T23:46:37.543+07:00  INFO 18088 --- [auctionweb] [Thread-0] com.zaxxer.hikari.pool.HikariPool        : HikariPool-1 - Added connection com.mysql.cj.jdbc.ConnectionImpl@75117ff7
2026-05-25T23:46:37.545+07:00  INFO 18088 --- [auctionweb] [Thread-0] com.zaxxer.hikari.HikariDataSource       : HikariPool-1 - Start completed.
2026-05-25T23:46:37.718+07:00  WARN 18088 --- [auctionweb] [Thread-0] org.hibernate.orm.deprecation            : HHH90000025: MySQLDialect does not need to be specified explicitly using 'hibernate.dialect' (remove the property setting and it will be selected by default)
2026-05-25T23:46:38.460+07:00  INFO 18088 --- [auctionweb] [Thread-0] o.h.e.t.j.p.i.JtaPlatformInitiator       : HHH000489: No JTA platform available (set 'hibernate.transaction.jta.platform' to enable JTA platform integration)
2026-05-25T23:46:43.644+07:00  INFO 18088 --- [auctionweb] [http-nio-8080-exec-1] o.a.c.c.C.[Tomcat].[localhost].[/]       : Initializing Spring DispatcherServlet 'dispatcherServlet'
2026-05-25T23:49:12.984+07:00  INFO 18088 --- [auctionweb] [SpringApplicationShutdownHook] com.zaxxer.hikari.HikariDataSource       : HikariPool-1 - Shutdown initiated...
2026-05-25T23:49:12.988+07:00  INFO 18088 --- [auctionweb] [SpringApplicationShutdownHook] com.zaxxer.hikari.HikariDataSource       : HikariPool-1 - Shutdown completed.
2026-05-25T23:53:51.181+07:00  INFO 21116 --- [auctionweb] [Thread-0] o.apache.catalina.core.StandardService   : Starting service [Tomcat]
2026-05-25T23:53:51.185+07:00  INFO 21116 --- [auctionweb] [Thread-0] o.apache.catalina.core.StandardEngine    : Starting Servlet engine: [Apache Tomcat/10.1.20]
2026-05-25T23:53:51.242+07:00  INFO 21116 --- [auctionweb] [Thread-0] o.a.c.c.C.[Tomcat].[localhost].[/]       : Initializing Spring embedded WebApplicationContext
2026-05-25T23:53:51.438+07:00  INFO 21116 --- [auctionweb] [Thread-0] o.hibernate.jpa.internal.util.LogHelper  : HHH000204: Processing PersistenceUnitInfo [name: default]
2026-05-25T23:53:51.485+07:00  INFO 21116 --- [auctionweb] [Thread-0] org.hibernate.Version                    : HHH000412: Hibernate ORM core version 6.4.4.Final
2026-05-25T23:53:51.506+07:00  INFO 21116 --- [auctionweb] [Thread-0] o.h.c.internal.RegionFactoryInitiator    : HHH000026: Second-level cache disabled
2026-05-25T23:53:51.671+07:00  INFO 21116 --- [auctionweb] [Thread-0] com.zaxxer.hikari.HikariDataSource       : HikariPool-1 - Starting...
2026-05-25T23:53:52.472+07:00  INFO 21116 --- [auctionweb] [Thread-0] com.zaxxer.hikari.pool.HikariPool        : HikariPool-1 - Added connection com.mysql.cj.jdbc.ConnectionImpl@3fdd264c
2026-05-25T23:53:52.473+07:00  INFO 21116 --- [auctionweb] [Thread-0] com.zaxxer.hikari.HikariDataSource       : HikariPool-1 - Start completed.
2026-05-25T23:53:52.646+07:00  WARN 21116 --- [auctionweb] [Thread-0] org.hibernate.orm.deprecation            : HHH90000025: MySQLDialect does not need to be specified explicitly using 'hibernate.dialect' (remove the property setting and it will be selected by default)
2026-05-25T23:53:53.412+07:00  INFO 21116 --- [auctionweb] [Thread-0] o.h.e.t.j.p.i.JtaPlatformInitiator       : HHH000489: No JTA platform available (set 'hibernate.transaction.jta.platform' to enable JTA platform integration)
2026-05-25T23:53:57.150+07:00  INFO 21116 --- [auctionweb] [http-nio-8080-exec-1] o.a.c.c.C.[Tomcat].[localhost].[/]       : Initializing Spring DispatcherServlet 'dispatcherServlet'
2026-05-25T23:54:10.859+07:00  INFO 21116 --- [auctionweb] [SpringApplicationShutdownHook] com.zaxxer.hikari.HikariDataSource       : HikariPool-1 - Shutdown initiated...
2026-05-25T23:54:10.863+07:00  INFO 21116 --- [auctionweb] [SpringApplicationShutdownHook] com.zaxxer.hikari.HikariDataSource       : HikariPool-1 - Shutdown completed.
2026-05-25T23:54:15.156+07:00  INFO 24552 --- [auctionweb] [Thread-0] o.apache.catalina.core.StandardService   : Starting service [Tomcat]
2026-05-25T23:54:15.160+07:00  INFO 24552 --- [auctionweb] [Thread-0] o.apache.catalina.core.StandardEngine    : Starting Servlet engine: [Apache Tomcat/10.1.20]
2026-05-25T23:54:15.221+07:00  INFO 24552 --- [auctionweb] [Thread-0] o.a.c.c.C.[Tomcat].[localhost].[/]       : Initializing Spring embedded WebApplicationContext
2026-05-25T23:54:15.442+07:00  INFO 24552 --- [auctionweb] [Thread-0] o.hibernate.jpa.internal.util.LogHelper  : HHH000204: Processing PersistenceUnitInfo [name: default]
2026-05-25T23:54:15.485+07:00  INFO 24552 --- [auctionweb] [Thread-0] org.hibernate.Version                    : HHH000412: Hibernate ORM core version 6.4.4.Final
2026-05-25T23:54:15.510+07:00  INFO 24552 --- [auctionweb] [Thread-0] o.h.c.internal.RegionFactoryInitiator    : HHH000026: Second-level cache disabled
2026-05-25T23:54:15.693+07:00  INFO 24552 --- [auctionweb] [Thread-0] com.zaxxer.hikari.HikariDataSource       : HikariPool-1 - Starting...
2026-05-25T23:54:16.300+07:00  INFO 24552 --- [auctionweb] [Thread-0] com.zaxxer.hikari.pool.HikariPool        : HikariPool-1 - Added connection com.mysql.cj.jdbc.ConnectionImpl@40a36c21
2026-05-25T23:54:16.301+07:00  INFO 24552 --- [auctionweb] [Thread-0] com.zaxxer.hikari.HikariDataSource       : HikariPool-1 - Start completed.
2026-05-25T23:54:16.442+07:00  WARN 24552 --- [auctionweb] [Thread-0] org.hibernate.orm.deprecation            : HHH90000025: MySQLDialect does not need to be specified explicitly using 'hibernate.dialect' (remove the property setting and it will be selected by default)
2026-05-25T23:54:17.168+07:00  INFO 24552 --- [auctionweb] [Thread-0] o.h.e.t.j.p.i.JtaPlatformInitiator       : HHH000489: No JTA platform available (set 'hibernate.transaction.jta.platform' to enable JTA platform integration)
2026-05-25T23:54:20.820+07:00  INFO 24552 --- [auctionweb] [http-nio-8080-exec-1] o.a.c.c.C.[Tomcat].[localhost].[/]       : Initializing Spring DispatcherServlet 'dispatcherServlet'
2026-05-25T23:55:49.372+07:00  INFO 24552 --- [auctionweb] [SpringApplicationShutdownHook] com.zaxxer.hikari.HikariDataSource       : HikariPool-1 - Shutdown initiated...
2026-05-25T23:55:49.376+07:00  INFO 24552 --- [auctionweb] [SpringApplicationShutdownHook] com.zaxxer.hikari.HikariDataSource       : HikariPool-1 - Shutdown completed.
2026-05-25T23:59:23.096+07:00  INFO 19484 --- [auctionweb] [Thread-0] o.apache.catalina.core.StandardService   : Starting service [Tomcat]
2026-05-25T23:59:23.097+07:00  INFO 19484 --- [auctionweb] [Thread-0] o.apache.catalina.core.StandardEngine    : Starting Servlet engine: [Apache Tomcat/10.1.20]
2026-05-25T23:59:23.132+07:00  INFO 19484 --- [auctionweb] [Thread-0] o.a.c.c.C.[Tomcat].[localhost].[/]       : Initializing Spring embedded WebApplicationContext
2026-05-25T23:59:23.228+07:00  INFO 19484 --- [auctionweb] [Thread-0] o.hibernate.jpa.internal.util.LogHelper  : HHH000204: Processing PersistenceUnitInfo [name: default]
2026-05-25T23:59:23.256+07:00  INFO 19484 --- [auctionweb] [Thread-0] org.hibernate.Version                    : HHH000412: Hibernate ORM core version 6.4.4.Final
2026-05-25T23:59:23.275+07:00  INFO 19484 --- [auctionweb] [Thread-0] o.h.c.internal.RegionFactoryInitiator    : HHH000026: Second-level cache disabled
2026-05-25T23:59:23.415+07:00  INFO 19484 --- [auctionweb] [Thread-0] com.zaxxer.hikari.HikariDataSource       : HikariPool-1 - Starting...
2026-05-25T23:59:24.121+07:00  INFO 19484 --- [auctionweb] [Thread-0] com.zaxxer.hikari.pool.HikariPool        : HikariPool-1 - Added connection com.mysql.cj.jdbc.ConnectionImpl@33e17462
2026-05-25T23:59:24.123+07:00  INFO 19484 --- [auctionweb] [Thread-0] com.zaxxer.hikari.HikariDataSource       : HikariPool-1 - Start completed.
2026-05-25T23:59:24.264+07:00  WARN 19484 --- [auctionweb] [Thread-0] org.hibernate.orm.deprecation            : HHH90000025: MySQLDialect does not need to be specified explicitly using 'hibernate.dialect' (remove the property setting and it will be selected by default)
2026-05-25T23:59:24.917+07:00  INFO 19484 --- [auctionweb] [Thread-0] o.h.e.t.j.p.i.JtaPlatformInitiator       : HHH000489: No JTA platform available (set 'hibernate.transaction.jta.platform' to enable JTA platform integration)
2026-05-25T23:59:32.785+07:00  INFO 19484 --- [auctionweb] [http-nio-8080-exec-2] o.a.c.c.C.[Tomcat].[localhost].[/]       : Initializing Spring DispatcherServlet 'dispatcherServlet'
2026-05-26T00:03:49.626+07:00  INFO 15008 --- [auctionweb] [Thread-0] o.apache.catalina.core.StandardService   : Starting service [Tomcat]
2026-05-26T00:03:49.638+07:00  INFO 15008 --- [auctionweb] [Thread-0] o.apache.catalina.core.StandardEngine    : Starting Servlet engine: [Apache Tomcat/10.1.20]
2026-05-26T00:03:49.680+07:00  INFO 15008 --- [auctionweb] [Thread-0] o.a.c.c.C.[Tomcat].[localhost].[/]       : Initializing Spring embedded WebApplicationContext
2026-05-26T00:03:49.825+07:00  INFO 15008 --- [auctionweb] [Thread-0] o.hibernate.jpa.internal.util.LogHelper  : HHH000204: Processing PersistenceUnitInfo [name: default]
2026-05-26T00:03:49.858+07:00  INFO 15008 --- [auctionweb] [Thread-0] org.hibernate.Version                    : HHH000412: Hibernate ORM core version 6.4.4.Final
2026-05-26T00:03:49.878+07:00  INFO 15008 --- [auctionweb] [Thread-0] o.h.c.internal.RegionFactoryInitiator    : HHH000026: Second-level cache disabled
2026-05-26T00:03:50.021+07:00  INFO 15008 --- [auctionweb] [Thread-0] com.zaxxer.hikari.HikariDataSource       : HikariPool-1 - Starting...
2026-05-26T00:03:50.662+07:00  INFO 15008 --- [auctionweb] [Thread-0] com.zaxxer.hikari.pool.HikariPool        : HikariPool-1 - Added connection com.mysql.cj.jdbc.ConnectionImpl@40671806
2026-05-26T00:03:50.664+07:00  INFO 15008 --- [auctionweb] [Thread-0] com.zaxxer.hikari.HikariDataSource       : HikariPool-1 - Start completed.
2026-05-26T00:03:50.820+07:00  WARN 15008 --- [auctionweb] [Thread-0] org.hibernate.orm.deprecation            : HHH90000025: MySQLDialect does not need to be specified explicitly using 'hibernate.dialect' (remove the property setting and it will be selected by default)
2026-05-26T00:03:51.529+07:00  INFO 15008 --- [auctionweb] [Thread-0] o.h.e.t.j.p.i.JtaPlatformInitiator       : HHH000489: No JTA platform available (set 'hibernate.transaction.jta.platform' to enable JTA platform integration)
2026-05-26T00:03:54.486+07:00  WARN 15008 --- [auctionweb] [Thread-0] ConfigServletWebServerApplicationContext : Exception encountered during context initialization - cancelling refresh attempt: org.springframework.context.ApplicationContextException: Failed to start bean 'webServerStartStop'
2026-05-26T00:03:54.490+07:00  INFO 15008 --- [auctionweb] [Thread-0] com.zaxxer.hikari.HikariDataSource       : HikariPool-1 - Shutdown initiated...
2026-05-26T00:03:54.806+07:00  INFO 15008 --- [auctionweb] [Thread-0] com.zaxxer.hikari.HikariDataSource       : HikariPool-1 - Shutdown completed.
2026-05-26T00:03:54.825+07:00 ERROR 15008 --- [auctionweb] [Thread-0] o.s.b.d.LoggingFailureAnalysisReporter   : 

***************************
APPLICATION FAILED TO START
***************************

Description:

Web server failed to start. Port 8080 was already in use.

Action:

Identify and stop the process that's listening on port 8080 or configure this application to listen on another port.

2026-05-26T00:11:10.659+07:00  INFO 10388 --- [auctionweb] [Thread-0] o.apache.catalina.core.StandardService   : Starting service [Tomcat]
2026-05-26T00:11:10.661+07:00  INFO 10388 --- [auctionweb] [Thread-0] o.apache.catalina.core.StandardEngine    : Starting Servlet engine: [Apache Tomcat/10.1.20]
2026-05-26T00:11:10.711+07:00  INFO 10388 --- [auctionweb] [Thread-0] o.a.c.c.C.[Tomcat].[localhost].[/]       : Initializing Spring embedded WebApplicationContext
2026-05-26T00:11:10.890+07:00  INFO 10388 --- [auctionweb] [Thread-0] o.hibernate.jpa.internal.util.LogHelper  : HHH000204: Processing PersistenceUnitInfo [name: default]
2026-05-26T00:11:10.928+07:00  INFO 10388 --- [auctionweb] [Thread-0] org.hibernate.Version                    : HHH000412: Hibernate ORM core version 6.4.4.Final
2026-05-26T00:11:10.948+07:00  INFO 10388 --- [auctionweb] [Thread-0] o.h.c.internal.RegionFactoryInitiator    : HHH000026: Second-level cache disabled
2026-05-26T00:11:11.101+07:00  INFO 10388 --- [auctionweb] [Thread-0] com.zaxxer.hikari.HikariDataSource       : HikariPool-1 - Starting...
2026-05-26T00:11:11.802+07:00  INFO 10388 --- [auctionweb] [Thread-0] com.zaxxer.hikari.pool.HikariPool        : HikariPool-1 - Added connection com.mysql.cj.jdbc.ConnectionImpl@65550b43
2026-05-26T00:11:11.803+07:00  INFO 10388 --- [auctionweb] [Thread-0] com.zaxxer.hikari.HikariDataSource       : HikariPool-1 - Start completed.
2026-05-26T00:11:11.949+07:00  WARN 10388 --- [auctionweb] [Thread-0] org.hibernate.orm.deprecation            : HHH90000025: MySQLDialect does not need to be specified explicitly using 'hibernate.dialect' (remove the property setting and it will be selected by default)
2026-05-26T00:11:12.641+07:00  INFO 10388 --- [auctionweb] [Thread-0] o.h.e.t.j.p.i.JtaPlatformInitiator       : HHH000489: No JTA platform available (set 'hibernate.transaction.jta.platform' to enable JTA platform integration)
2026-05-26T00:11:17.327+07:00  INFO 10388 --- [auctionweb] [http-nio-8080-exec-1] o.a.c.c.C.[Tomcat].[localhost].[/]       : Initializing Spring DispatcherServlet 'dispatcherServlet'
2026-05-26T00:12:45.492+07:00  INFO 10388 --- [auctionweb] [SpringApplicationShutdownHook] com.zaxxer.hikari.HikariDataSource       : HikariPool-1 - Shutdown initiated...
2026-05-26T00:12:45.504+07:00  INFO 10388 --- [auctionweb] [SpringApplicationShutdownHook] com.zaxxer.hikari.HikariDataSource       : HikariPool-1 - Shutdown completed.
2026-05-26T00:12:49.457+07:00  INFO 6780 --- [auctionweb] [Thread-0] o.apache.catalina.core.StandardService   : Starting service [Tomcat]
2026-05-26T00:12:49.459+07:00  INFO 6780 --- [auctionweb] [Thread-0] o.apache.catalina.core.StandardEngine    : Starting Servlet engine: [Apache Tomcat/10.1.20]
2026-05-26T00:12:49.505+07:00  INFO 6780 --- [auctionweb] [Thread-0] o.a.c.c.C.[Tomcat].[localhost].[/]       : Initializing Spring embedded WebApplicationContext
2026-05-26T00:12:49.695+07:00  INFO 6780 --- [auctionweb] [Thread-0] o.hibernate.jpa.internal.util.LogHelper  : HHH000204: Processing PersistenceUnitInfo [name: default]
2026-05-26T00:12:49.729+07:00  INFO 6780 --- [auctionweb] [Thread-0] org.hibernate.Version                    : HHH000412: Hibernate ORM core version 6.4.4.Final
2026-05-26T00:12:49.749+07:00  INFO 6780 --- [auctionweb] [Thread-0] o.h.c.internal.RegionFactoryInitiator    : HHH000026: Second-level cache disabled
2026-05-26T00:12:49.896+07:00  INFO 6780 --- [auctionweb] [Thread-0] com.zaxxer.hikari.HikariDataSource       : HikariPool-1 - Starting...
2026-05-26T00:12:50.716+07:00  INFO 6780 --- [auctionweb] [Thread-0] com.zaxxer.hikari.pool.HikariPool        : HikariPool-1 - Added connection com.mysql.cj.jdbc.ConnectionImpl@6578ba6c
2026-05-26T00:12:50.718+07:00  INFO 6780 --- [auctionweb] [Thread-0] com.zaxxer.hikari.HikariDataSource       : HikariPool-1 - Start completed.
2026-05-26T00:12:51.000+07:00  WARN 6780 --- [auctionweb] [Thread-0] org.hibernate.orm.deprecation            : HHH90000025: MySQLDialect does not need to be specified explicitly using 'hibernate.dialect' (remove the property setting and it will be selected by default)
2026-05-26T00:12:51.685+07:00  INFO 6780 --- [auctionweb] [Thread-0] o.h.e.t.j.p.i.JtaPlatformInitiator       : HHH000489: No JTA platform available (set 'hibernate.transaction.jta.platform' to enable JTA platform integration)
2026-05-26T00:13:03.326+07:00  INFO 6780 --- [auctionweb] [http-nio-8080-exec-2] o.a.c.c.C.[Tomcat].[localhost].[/]       : Initializing Spring DispatcherServlet 'dispatcherServlet'
2026-05-26T00:13:52.701+07:00  INFO 6780 --- [auctionweb] [SpringApplicationShutdownHook] com.zaxxer.hikari.HikariDataSource       : HikariPool-1 - Shutdown initiated...
2026-05-26T00:13:52.713+07:00  INFO 6780 --- [auctionweb] [SpringApplicationShutdownHook] com.zaxxer.hikari.HikariDataSource       : HikariPool-1 - Shutdown completed.
2026-05-26T00:13:56.282+07:00  INFO 18184 --- [auctionweb] [Thread-0] o.apache.catalina.core.StandardService   : Starting service [Tomcat]
2026-05-26T00:13:56.284+07:00  INFO 18184 --- [auctionweb] [Thread-0] o.apache.catalina.core.StandardEngine    : Starting Servlet engine: [Apache Tomcat/10.1.20]
2026-05-26T00:13:56.328+07:00  INFO 18184 --- [auctionweb] [Thread-0] o.a.c.c.C.[Tomcat].[localhost].[/]       : Initializing Spring embedded WebApplicationContext
2026-05-26T00:13:56.534+07:00  INFO 18184 --- [auctionweb] [Thread-0] o.hibernate.jpa.internal.util.LogHelper  : HHH000204: Processing PersistenceUnitInfo [name: default]
2026-05-26T00:13:56.573+07:00  INFO 18184 --- [auctionweb] [Thread-0] org.hibernate.Version                    : HHH000412: Hibernate ORM core version 6.4.4.Final
2026-05-26T00:13:56.593+07:00  INFO 18184 --- [auctionweb] [Thread-0] o.h.c.internal.RegionFactoryInitiator    : HHH000026: Second-level cache disabled
2026-05-26T00:13:56.743+07:00  INFO 18184 --- [auctionweb] [Thread-0] com.zaxxer.hikari.HikariDataSource       : HikariPool-1 - Starting...
2026-05-26T00:13:57.343+07:00  INFO 18184 --- [auctionweb] [Thread-0] com.zaxxer.hikari.pool.HikariPool        : HikariPool-1 - Added connection com.mysql.cj.jdbc.ConnectionImpl@cbce473
2026-05-26T00:13:57.345+07:00  INFO 18184 --- [auctionweb] [Thread-0] com.zaxxer.hikari.HikariDataSource       : HikariPool-1 - Start completed.
2026-05-26T00:13:57.489+07:00  WARN 18184 --- [auctionweb] [Thread-0] org.hibernate.orm.deprecation            : HHH90000025: MySQLDialect does not need to be specified explicitly using 'hibernate.dialect' (remove the property setting and it will be selected by default)
2026-05-26T00:13:58.229+07:00  INFO 18184 --- [auctionweb] [Thread-0] o.h.e.t.j.p.i.JtaPlatformInitiator       : HHH000489: No JTA platform available (set 'hibernate.transaction.jta.platform' to enable JTA platform integration)
2026-05-26T00:14:16.073+07:00  INFO 18184 --- [auctionweb] [http-nio-8080-exec-1] o.a.c.c.C.[Tomcat].[localhost].[/]       : Initializing Spring DispatcherServlet 'dispatcherServlet'
2026-05-26T00:16:12.127+07:00  INFO 18184 --- [auctionweb] [SpringApplicationShutdownHook] com.zaxxer.hikari.HikariDataSource       : HikariPool-1 - Shutdown initiated...
2026-05-26T00:16:12.136+07:00  INFO 18184 --- [auctionweb] [SpringApplicationShutdownHook] com.zaxxer.hikari.HikariDataSource       : HikariPool-1 - Shutdown completed.
2026-05-26T00:16:15.764+07:00  INFO 2204 --- [auctionweb] [Thread-0] o.apache.catalina.core.StandardService   : Starting service [Tomcat]
2026-05-26T00:16:15.766+07:00  INFO 2204 --- [auctionweb] [Thread-0] o.apache.catalina.core.StandardEngine    : Starting Servlet engine: [Apache Tomcat/10.1.20]
2026-05-26T00:16:15.811+07:00  INFO 2204 --- [auctionweb] [Thread-0] o.a.c.c.C.[Tomcat].[localhost].[/]       : Initializing Spring embedded WebApplicationContext
2026-05-26T00:16:15.966+07:00  INFO 2204 --- [auctionweb] [Thread-0] o.hibernate.jpa.internal.util.LogHelper  : HHH000204: Processing PersistenceUnitInfo [name: default]
2026-05-26T00:16:16.000+07:00  INFO 2204 --- [auctionweb] [Thread-0] org.hibernate.Version                    : HHH000412: Hibernate ORM core version 6.4.4.Final
2026-05-26T00:16:16.020+07:00  INFO 2204 --- [auctionweb] [Thread-0] o.h.c.internal.RegionFactoryInitiator    : HHH000026: Second-level cache disabled
2026-05-26T00:16:16.165+07:00  INFO 2204 --- [auctionweb] [Thread-0] com.zaxxer.hikari.HikariDataSource       : HikariPool-1 - Starting...
2026-05-26T00:16:16.884+07:00  INFO 2204 --- [auctionweb] [Thread-0] com.zaxxer.hikari.pool.HikariPool        : HikariPool-1 - Added connection com.mysql.cj.jdbc.ConnectionImpl@10b0ed93
2026-05-26T00:16:16.887+07:00  INFO 2204 --- [auctionweb] [Thread-0] com.zaxxer.hikari.HikariDataSource       : HikariPool-1 - Start completed.
2026-05-26T00:16:17.038+07:00  WARN 2204 --- [auctionweb] [Thread-0] org.hibernate.orm.deprecation            : HHH90000025: MySQLDialect does not need to be specified explicitly using 'hibernate.dialect' (remove the property setting and it will be selected by default)
2026-05-26T00:16:17.705+07:00  INFO 2204 --- [auctionweb] [Thread-0] o.h.e.t.j.p.i.JtaPlatformInitiator       : HHH000489: No JTA platform available (set 'hibernate.transaction.jta.platform' to enable JTA platform integration)
2026-05-26T00:16:23.186+07:00  INFO 2204 --- [auctionweb] [http-nio-8080-exec-1] o.a.c.c.C.[Tomcat].[localhost].[/]       : Initializing Spring DispatcherServlet 'dispatcherServlet'
2026-05-26T00:16:30.664+07:00  WARN 2204 --- [auctionweb] [auction-sched-1] com.zaxxer.hikari.pool.PoolBase          : HikariPool-1 - Failed to validate connection com.mysql.cj.jdbc.ConnectionImpl@4c0370a5 (No operations allowed after connection closed.). Possibly consider using a shorter maxLifetime value.
2026-05-26T00:16:35.667+07:00  WARN 2204 --- [auctionweb] [auction-sched-1] com.zaxxer.hikari.pool.PoolBase          : HikariPool-1 - Failed to validate connection com.mysql.cj.jdbc.ConnectionImpl@10b0ed93 (No operations allowed after connection closed.). Possibly consider using a shorter maxLifetime value.
2026-05-26T00:16:40.675+07:00  WARN 2204 --- [auctionweb] [auction-sched-1] com.zaxxer.hikari.pool.PoolBase          : HikariPool-1 - Failed to validate connection com.mysql.cj.jdbc.ConnectionImpl@23de9607 (No operations allowed after connection closed.). Possibly consider using a shorter maxLifetime value.
2026-05-26T00:16:45.685+07:00  WARN 2204 --- [auctionweb] [auction-sched-1] com.zaxxer.hikari.pool.PoolBase          : HikariPool-1 - Failed to validate connection com.mysql.cj.jdbc.ConnectionImpl@1df38c8d (No operations allowed after connection closed.). Possibly consider using a shorter maxLifetime value.
2026-05-26T00:16:50.690+07:00  WARN 2204 --- [auctionweb] [auction-sched-1] com.zaxxer.hikari.pool.PoolBase          : HikariPool-1 - Failed to validate connection com.mysql.cj.jdbc.ConnectionImpl@4478ef07 (No operations allowed after connection closed.). Possibly consider using a shorter maxLifetime value.
2026-05-26T00:16:55.699+07:00  WARN 2204 --- [auctionweb] [auction-sched-1] com.zaxxer.hikari.pool.PoolBase          : HikariPool-1 - Failed to validate connection com.mysql.cj.jdbc.ConnectionImpl@741bf1a0 (No operations allowed after connection closed.). Possibly consider using a shorter maxLifetime value.
2026-05-26T00:16:55.702+07:00  WARN 2204 --- [auctionweb] [auction-sched-1] o.h.engine.jdbc.spi.SqlExceptionHelper   : SQL Error: 0, SQLState: 08003
2026-05-26T00:16:55.703+07:00 ERROR 2204 --- [auctionweb] [auction-sched-1] o.h.engine.jdbc.spi.SqlExceptionHelper   : HikariPool-1 - Connection is not available, request timed out after 30051ms.
2026-05-26T00:16:55.703+07:00 ERROR 2204 --- [auctionweb] [auction-sched-1] o.h.engine.jdbc.spi.SqlExceptionHelper   : No operations allowed after connection closed.
2026-05-26T00:16:55.707+07:00 ERROR 2204 --- [auctionweb] [auction-sched-1] o.s.s.s.TaskUtils$LoggingErrorHandler    : Unexpected error occurred in scheduled task

org.springframework.dao.DataAccessResourceFailureException: Unable to acquire JDBC Connection [HikariPool-1 - Connection is not available, request timed out after 30051ms.] [n/a]
	at org.springframework.orm.jpa.vendor.HibernateJpaDialect.convertHibernateAccessException(HibernateJpaDialect.java:274) ~[spring-orm-6.1.6.jar!/:6.1.6]
	at org.springframework.orm.jpa.vendor.HibernateJpaDialect.translateExceptionIfPossible(HibernateJpaDialect.java:241) ~[spring-orm-6.1.6.jar!/:6.1.6]
	at org.springframework.orm.jpa.AbstractEntityManagerFactoryBean.translateExceptionIfPossible(AbstractEntityManagerFactoryBean.java:550) ~[spring-orm-6.1.6.jar!/:6.1.6]
	at org.springframework.dao.support.ChainedPersistenceExceptionTranslator.translateExceptionIfPossible(ChainedPersistenceExceptionTranslator.java:61) ~[spring-tx-6.1.6.jar!/:6.1.6]
	at org.springframework.dao.support.DataAccessUtils.translateIfNecessary(DataAccessUtils.java:335) ~[spring-tx-6.1.6.jar!/:6.1.6]
	at org.springframework.dao.support.PersistenceExceptionTranslationInterceptor.invoke(PersistenceExceptionTranslationInterceptor.java:152) ~[spring-tx-6.1.6.jar!/:6.1.6]
	at org.springframework.aop.framework.ReflectiveMethodInvocation.proceed(ReflectiveMethodInvocation.java:184) ~[spring-aop-6.1.6.jar!/:6.1.6]
	at org.springframework.data.jpa.repository.support.CrudMethodMetadataPostProcessor$CrudMethodMetadataPopulatingMethodInterceptor.invoke(CrudMethodMetadataPostProcessor.java:135) ~[spring-data-jpa-3.2.5.jar!/:3.2.5]
	at org.springframework.aop.framework.ReflectiveMethodInvocation.proceed(ReflectiveMethodInvocation.java:184) ~[spring-aop-6.1.6.jar!/:6.1.6]
	at org.springframework.aop.interceptor.ExposeInvocationInterceptor.invoke(ExposeInvocationInterceptor.java:97) ~[spring-aop-6.1.6.jar!/:6.1.6]
	at org.springframework.aop.framework.ReflectiveMethodInvocation.proceed(ReflectiveMethodInvocation.java:184) ~[spring-aop-6.1.6.jar!/:6.1.6]
	at org.springframework.aop.framework.JdkDynamicAopProxy.invoke(JdkDynamicAopProxy.java:223) ~[spring-aop-6.1.6.jar!/:6.1.6]
	at jdk.proxy2/jdk.proxy2.$Proxy143.findByStatusAndEndTimeBefore(Unknown Source) ~[na:na]
	at com.nhom4project.auctionweb.backend.service.AuctionScheduler.checkExpiredAuctions(AuctionScheduler.java:43) ~[!/:0.0.1-SNAPSHOT]
	at java.base/jdk.internal.reflect.DirectMethodHandleAccessor.invoke(DirectMethodHandleAccessor.java:104) ~[na:na]
	at java.base/java.lang.reflect.Method.invoke(Method.java:565) ~[na:na]
	at org.springframework.scheduling.support.ScheduledMethodRunnable.runInternal(ScheduledMethodRunnable.java:130) ~[spring-context-6.1.6.jar!/:6.1.6]
	at org.springframework.scheduling.support.ScheduledMethodRunnable.lambda$run$2(ScheduledMethodRunnable.java:124) ~[spring-context-6.1.6.jar!/:6.1.6]
	at io.micrometer.observation.Observation.observe(Observation.java:499) ~[micrometer-observation-1.12.5.jar!/:1.12.5]
	at org.springframework.scheduling.support.ScheduledMethodRunnable.run(ScheduledMethodRunnable.java:124) ~[spring-context-6.1.6.jar!/:6.1.6]
	at org.springframework.scheduling.support.DelegatingErrorHandlingRunnable.run(DelegatingErrorHandlingRunnable.java:54) ~[spring-context-6.1.6.jar!/:6.1.6]
	at java.base/java.util.concurrent.Executors$RunnableAdapter.call(Executors.java:545) ~[na:na]
	at java.base/java.util.concurrent.FutureTask.runAndReset(FutureTask.java:369) ~[na:na]
	at java.base/java.util.concurrent.ScheduledThreadPoolExecutor$ScheduledFutureTask.run(ScheduledThreadPoolExecutor.java:310) ~[na:na]
	at java.base/java.util.concurrent.ThreadPoolExecutor.runWorker(ThreadPoolExecutor.java:1090) ~[na:na]
	at java.base/java.util.concurrent.ThreadPoolExecutor$Worker.run(ThreadPoolExecutor.java:614) ~[na:na]
	at java.base/java.lang.Thread.run(Thread.java:1474) ~[na:na]
Caused by: org.hibernate.exception.JDBCConnectionException: Unable to acquire JDBC Connection [HikariPool-1 - Connection is not available, request timed out after 30051ms.] [n/a]
	at org.hibernate.exception.internal.SQLExceptionTypeDelegate.convert(SQLExceptionTypeDelegate.java:51) ~[hibernate-core-6.4.4.Final.jar!/:6.4.4.Final]
	at org.hibernate.exception.internal.StandardSQLExceptionConverter.convert(StandardSQLExceptionConverter.java:58) ~[hibernate-core-6.4.4.Final.jar!/:6.4.4.Final]
	at org.hibernate.engine.jdbc.spi.SqlExceptionHelper.convert(SqlExceptionHelper.java:108) ~[hibernate-core-6.4.4.Final.jar!/:6.4.4.Final]
	at org.hibernate.engine.jdbc.spi.SqlExceptionHelper.convert(SqlExceptionHelper.java:94) ~[hibernate-core-6.4.4.Final.jar!/:6.4.4.Final]
	at org.hibernate.resource.jdbc.internal.LogicalConnectionManagedImpl.acquireConnectionIfNeeded(LogicalConnectionManagedImpl.java:116) ~[hibernate-core-6.4.4.Final.jar!/:6.4.4.Final]
	at org.hibernate.resource.jdbc.internal.LogicalConnectionManagedImpl.getPhysicalConnection(LogicalConnectionManagedImpl.java:143) ~[hibernate-core-6.4.4.Final.jar!/:6.4.4.Final]
	at org.hibernate.engine.jdbc.internal.StatementPreparerImpl.connection(StatementPreparerImpl.java:54) ~[hibernate-core-6.4.4.Final.jar!/:6.4.4.Final]
	at org.hibernate.engine.jdbc.internal.StatementPreparerImpl$5.doPrepare(StatementPreparerImpl.java:153) ~[hibernate-core-6.4.4.Final.jar!/:6.4.4.Final]
	at org.hibernate.engine.jdbc.internal.StatementPreparerImpl$StatementPreparationTemplate.prepareStatement(StatementPreparerImpl.java:183) ~[hibernate-core-6.4.4.Final.jar!/:6.4.4.Final]
	at org.hibernate.engine.jdbc.internal.StatementPreparerImpl.prepareQueryStatement(StatementPreparerImpl.java:155) ~[hibernate-core-6.4.4.Final.jar!/:6.4.4.Final]
	at org.hibernate.sql.exec.spi.JdbcSelectExecutor.lambda$list$0(JdbcSelectExecutor.java:85) ~[hibernate-core-6.4.4.Final.jar!/:6.4.4.Final]
	at org.hibernate.sql.results.jdbc.internal.DeferredResultSetAccess.executeQuery(DeferredResultSetAccess.java:231) ~[hibernate-core-6.4.4.Final.jar!/:6.4.4.Final]
	at org.hibernate.sql.results.jdbc.internal.DeferredResultSetAccess.getResultSet(DeferredResultSetAccess.java:167) ~[hibernate-core-6.4.4.Final.jar!/:6.4.4.Final]
	at org.hibernate.sql.results.jdbc.internal.JdbcValuesResultSetImpl.advanceNext(JdbcValuesResultSetImpl.java:218) ~[hibernate-core-6.4.4.Final.jar!/:6.4.4.Final]
	at org.hibernate.sql.results.jdbc.internal.JdbcValuesResultSetImpl.processNext(JdbcValuesResultSetImpl.java:98) ~[hibernate-core-6.4.4.Final.jar!/:6.4.4.Final]
	at org.hibernate.sql.results.jdbc.internal.AbstractJdbcValues.next(AbstractJdbcValues.java:19) ~[hibernate-core-6.4.4.Final.jar!/:6.4.4.Final]
	at org.hibernate.sql.results.internal.RowProcessingStateStandardImpl.next(RowProcessingStateStandardImpl.java:66) ~[hibernate-core-6.4.4.Final.jar!/:6.4.4.Final]
	at org.hibernate.sql.results.spi.ListResultsConsumer.consume(ListResultsConsumer.java:202) ~[hibernate-core-6.4.4.Final.jar!/:6.4.4.Final]
	at org.hibernate.sql.results.spi.ListResultsConsumer.consume(ListResultsConsumer.java:33) ~[hibernate-core-6.4.4.Final.jar!/:6.4.4.Final]
	at org.hibernate.sql.exec.internal.JdbcSelectExecutorStandardImpl.doExecuteQuery(JdbcSelectExecutorStandardImpl.java:209) ~[hibernate-core-6.4.4.Final.jar!/:6.4.4.Final]
	at org.hibernate.sql.exec.internal.JdbcSelectExecutorStandardImpl.executeQuery(JdbcSelectExecutorStandardImpl.java:83) ~[hibernate-core-6.4.4.Final.jar!/:6.4.4.Final]
	at org.hibernate.sql.exec.spi.JdbcSelectExecutor.list(JdbcSelectExecutor.java:76) ~[hibernate-core-6.4.4.Final.jar!/:6.4.4.Final]
	at org.hibernate.sql.exec.spi.JdbcSelectExecutor.list(JdbcSelectExecutor.java:65) ~[hibernate-core-6.4.4.Final.jar!/:6.4.4.Final]
	at org.hibernate.query.sqm.internal.ConcreteSqmSelectQueryPlan.lambda$new$2(ConcreteSqmSelectQueryPlan.java:137) ~[hibernate-core-6.4.4.Final.jar!/:6.4.4.Final]
	at org.hibernate.query.sqm.internal.ConcreteSqmSelectQueryPlan.withCacheableSqmInterpretation(ConcreteSqmSelectQueryPlan.java:362) ~[hibernate-core-6.4.4.Final.jar!/:6.4.4.Final]
	at org.hibernate.query.sqm.internal.ConcreteSqmSelectQueryPlan.performList(ConcreteSqmSelectQueryPlan.java:303) ~[hibernate-core-6.4.4.Final.jar!/:6.4.4.Final]
	at org.hibernate.query.sqm.internal.QuerySqmImpl.doList(QuerySqmImpl.java:509) ~[hibernate-core-6.4.4.Final.jar!/:6.4.4.Final]
	at org.hibernate.query.spi.AbstractSelectionQuery.list(AbstractSelectionQuery.java:427) ~[hibernate-core-6.4.4.Final.jar!/:6.4.4.Final]
	at org.hibernate.query.Query.getResultList(Query.java:120) ~[hibernate-core-6.4.4.Final.jar!/:6.4.4.Final]
	at java.base/jdk.internal.reflect.DirectMethodHandleAccessor.invoke(DirectMethodHandleAccessor.java:104) ~[na:na]
	at java.base/java.lang.reflect.Method.invoke(Method.java:565) ~[na:na]
	at org.springframework.orm.jpa.SharedEntityManagerCreator$DeferredQueryInvocationHandler.invoke(SharedEntityManagerCreator.java:415) ~[spring-orm-6.1.6.jar!/:6.1.6]
	at jdk.proxy2/jdk.proxy2.$Proxy157.getResultList(Unknown Source) ~[na:na]
	at org.springframework.data.jpa.repository.query.JpaQueryExecution$CollectionExecution.doExecute(JpaQueryExecution.java:129) ~[spring-data-jpa-3.2.5.jar!/:3.2.5]
	at org.springframework.data.jpa.repository.query.JpaQueryExecution.execute(JpaQueryExecution.java:92) ~[spring-data-jpa-3.2.5.jar!/:3.2.5]
	at org.springframework.data.jpa.repository.query.AbstractJpaQuery.doExecute(AbstractJpaQuery.java:149) ~[spring-data-jpa-3.2.5.jar!/:3.2.5]
	at org.springframework.data.jpa.repository.query.AbstractJpaQuery.execute(AbstractJpaQuery.java:137) ~[spring-data-jpa-3.2.5.jar!/:3.2.5]
	at org.springframework.data.repository.core.support.RepositoryMethodInvoker.doInvoke(RepositoryMethodInvoker.java:170) ~[spring-data-commons-3.2.5.jar!/:3.2.5]
	at org.springframework.data.repository.core.support.RepositoryMethodInvoker.invoke(RepositoryMethodInvoker.java:158) ~[spring-data-commons-3.2.5.jar!/:3.2.5]
	at org.springframework.data.repository.core.support.QueryExecutorMethodInterceptor.doInvoke(QueryExecutorMethodInterceptor.java:164) ~[spring-data-commons-3.2.5.jar!/:3.2.5]
	at org.springframework.data.repository.core.support.QueryExecutorMethodInterceptor.invoke(QueryExecutorMethodInterceptor.java:143) ~[spring-data-commons-3.2.5.jar!/:3.2.5]
	at org.springframework.aop.framework.ReflectiveMethodInvocation.proceed(ReflectiveMethodInvocation.java:184) ~[spring-aop-6.1.6.jar!/:6.1.6]
	at org.springframework.data.projection.DefaultMethodInvokingMethodInterceptor.invoke(DefaultMethodInvokingMethodInterceptor.java:70) ~[spring-data-commons-3.2.5.jar!/:3.2.5]
	at org.springframework.aop.framework.ReflectiveMethodInvocation.proceed(ReflectiveMethodInvocation.java:184) ~[spring-aop-6.1.6.jar!/:6.1.6]
	at org.springframework.transaction.interceptor.TransactionInterceptor$1.proceedWithInvocation(TransactionInterceptor.java:123) ~[spring-tx-6.1.6.jar!/:6.1.6]
	at org.springframework.transaction.interceptor.TransactionAspectSupport.invokeWithinTransaction(TransactionAspectSupport.java:392) ~[spring-tx-6.1.6.jar!/:6.1.6]
	at org.springframework.transaction.interceptor.TransactionInterceptor.invoke(TransactionInterceptor.java:119) ~[spring-tx-6.1.6.jar!/:6.1.6]
	at org.springframework.aop.framework.ReflectiveMethodInvocation.proceed(ReflectiveMethodInvocation.java:184) ~[spring-aop-6.1.6.jar!/:6.1.6]
	at org.springframework.dao.support.PersistenceExceptionTranslationInterceptor.invoke(PersistenceExceptionTranslationInterceptor.java:137) ~[spring-tx-6.1.6.jar!/:6.1.6]
	... 21 common frames omitted
Caused by: java.sql.SQLTransientConnectionException: HikariPool-1 - Connection is not available, request timed out after 30051ms.
	at com.zaxxer.hikari.pool.HikariPool.createTimeoutException(HikariPool.java:696) ~[HikariCP-5.0.1.jar!/:na]
	at com.zaxxer.hikari.pool.HikariPool.getConnection(HikariPool.java:181) ~[HikariCP-5.0.1.jar!/:na]
	at com.zaxxer.hikari.pool.HikariPool.getConnection(HikariPool.java:146) ~[HikariCP-5.0.1.jar!/:na]
	at com.zaxxer.hikari.HikariDataSource.getConnection(HikariDataSource.java:128) ~[HikariCP-5.0.1.jar!/:na]
	at org.hibernate.engine.jdbc.connections.internal.DatasourceConnectionProviderImpl.getConnection(DatasourceConnectionProviderImpl.java:122) ~[hibernate-core-6.4.4.Final.jar!/:6.4.4.Final]
	at org.hibernate.internal.NonContextualJdbcConnectionAccess.obtainConnection(NonContextualJdbcConnectionAccess.java:46) ~[hibernate-core-6.4.4.Final.jar!/:6.4.4.Final]
	at org.hibernate.resource.jdbc.internal.LogicalConnectionManagedImpl.acquireConnectionIfNeeded(LogicalConnectionManagedImpl.java:113) ~[hibernate-core-6.4.4.Final.jar!/:6.4.4.Final]
	... 65 common frames omitted
Caused by: java.sql.SQLNonTransientConnectionException: No operations allowed after connection closed.
	at com.mysql.cj.jdbc.exceptions.SQLError.createSQLException(SQLError.java:111) ~[mysql-connector-j-8.3.0.jar!/:8.3.0]
	at com.mysql.cj.jdbc.exceptions.SQLError.createSQLException(SQLError.java:98) ~[mysql-connector-j-8.3.0.jar!/:8.3.0]
	at com.mysql.cj.jdbc.exceptions.SQLError.createSQLException(SQLError.java:90) ~[mysql-connector-j-8.3.0.jar!/:8.3.0]
	at com.mysql.cj.jdbc.exceptions.SQLError.createSQLException(SQLError.java:64) ~[mysql-connector-j-8.3.0.jar!/:8.3.0]
	at com.mysql.cj.jdbc.exceptions.SQLError.createSQLException(SQLError.java:74) ~[mysql-connector-j-8.3.0.jar!/:8.3.0]
	at com.mysql.cj.jdbc.exceptions.SQLExceptionsMapping.translateException(SQLExceptionsMapping.java:73) ~[mysql-connector-j-8.3.0.jar!/:8.3.0]
	at com.mysql.cj.jdbc.ConnectionImpl.setNetworkTimeout(ConnectionImpl.java:2435) ~[mysql-connector-j-8.3.0.jar!/:8.3.0]
	at com.zaxxer.hikari.pool.PoolBase.setNetworkTimeout(PoolBase.java:561) ~[HikariCP-5.0.1.jar!/:na]
	at com.zaxxer.hikari.pool.PoolBase.isConnectionDead(PoolBase.java:168) ~[HikariCP-5.0.1.jar!/:na]
	at com.zaxxer.hikari.pool.HikariPool.getConnection(HikariPool.java:170) ~[HikariCP-5.0.1.jar!/:na]
	... 70 common frames omitted
Caused by: com.mysql.cj.exceptions.ConnectionIsClosedException: No operations allowed after connection closed.
	at java.base/jdk.internal.reflect.DirectConstructorHandleAccessor.newInstance(DirectConstructorHandleAccessor.java:62) ~[na:na]
	at java.base/java.lang.reflect.Constructor.newInstanceWithCaller(Constructor.java:499) ~[na:na]
	at java.base/java.lang.reflect.Constructor.newInstance(Constructor.java:483) ~[na:na]
	at com.mysql.cj.exceptions.ExceptionFactory.createException(ExceptionFactory.java:61) ~[mysql-connector-j-8.3.0.jar!/:8.3.0]
	at com.mysql.cj.exceptions.ExceptionFactory.createException(ExceptionFactory.java:104) ~[mysql-connector-j-8.3.0.jar!/:8.3.0]
	at com.mysql.cj.exceptions.ExceptionFactory.createException(ExceptionFactory.java:149) ~[mysql-connector-j-8.3.0.jar!/:8.3.0]
	at com.mysql.cj.NativeSession.checkClosed(NativeSession.java:756) ~[mysql-connector-j-8.3.0.jar!/:8.3.0]
	at com.mysql.cj.jdbc.ConnectionImpl.checkClosed(ConnectionImpl.java:556) ~[mysql-connector-j-8.3.0.jar!/:8.3.0]
	at com.mysql.cj.jdbc.ConnectionImpl.setNetworkTimeout(ConnectionImpl.java:2431) ~[mysql-connector-j-8.3.0.jar!/:8.3.0]
	... 73 common frames omitted

2026-05-26T00:17:00.729+07:00  WARN 2204 --- [auctionweb] [auction-sched-2] com.zaxxer.hikari.pool.PoolBase          : HikariPool-1 - Failed to validate connection com.mysql.cj.jdbc.ConnectionImpl@7e1e8be1 (No operations allowed after connection closed.). Possibly consider using a shorter maxLifetime value.
2026-05-26T00:17:05.736+07:00  WARN 2204 --- [auctionweb] [auction-sched-2] com.zaxxer.hikari.pool.PoolBase          : HikariPool-1 - Failed to validate connection com.mysql.cj.jdbc.ConnectionImpl@2f345f05 (No operations allowed after connection closed.). Possibly consider using a shorter maxLifetime value.
2026-05-26T00:17:10.748+07:00  WARN 2204 --- [auctionweb] [auction-sched-2] com.zaxxer.hikari.pool.PoolBase          : HikariPool-1 - Failed to validate connection com.mysql.cj.jdbc.ConnectionImpl@664ce11d (No operations allowed after connection closed.). Possibly consider using a shorter maxLifetime value.
2026-05-26T00:17:15.762+07:00  WARN 2204 --- [auctionweb] [auction-sched-2] com.zaxxer.hikari.pool.PoolBase          : HikariPool-1 - Failed to validate connection com.mysql.cj.jdbc.ConnectionImpl@2b7a8488 (No operations allowed after connection closed.). Possibly consider using a shorter maxLifetime value.
2026-05-26T00:17:25.721+07:00  WARN 2204 --- [auctionweb] [auction-sched-2] o.h.engine.jdbc.spi.SqlExceptionHelper   : SQL Error: 0, SQLState: 08S01
2026-05-26T00:17:25.721+07:00 ERROR 2204 --- [auctionweb] [auction-sched-2] o.h.engine.jdbc.spi.SqlExceptionHelper   : HikariPool-1 - Connection is not available, request timed out after 30007ms.
2026-05-26T00:17:25.722+07:00 ERROR 2204 --- [auctionweb] [auction-sched-2] o.h.engine.jdbc.spi.SqlExceptionHelper   : Communications link failure

The last packet sent successfully to the server was 0 milliseconds ago. The driver has not received any packets from the server.
2026-05-26T00:17:25.722+07:00 ERROR 2204 --- [auctionweb] [auction-sched-2] o.s.s.s.TaskUtils$LoggingErrorHandler    : Unexpected error occurred in scheduled task

org.springframework.dao.DataAccessResourceFailureException: Unable to acquire JDBC Connection [HikariPool-1 - Connection is not available, request timed out after 30007ms.] [n/a]
	at org.springframework.orm.jpa.vendor.HibernateJpaDialect.convertHibernateAccessException(HibernateJpaDialect.java:274) ~[spring-orm-6.1.6.jar!/:6.1.6]
	at org.springframework.orm.jpa.vendor.HibernateJpaDialect.translateExceptionIfPossible(HibernateJpaDialect.java:241) ~[spring-orm-6.1.6.jar!/:6.1.6]
	at org.springframework.orm.jpa.AbstractEntityManagerFactoryBean.translateExceptionIfPossible(AbstractEntityManagerFactoryBean.java:550) ~[spring-orm-6.1.6.jar!/:6.1.6]
	at org.springframework.dao.support.ChainedPersistenceExceptionTranslator.translateExceptionIfPossible(ChainedPersistenceExceptionTranslator.java:61) ~[spring-tx-6.1.6.jar!/:6.1.6]
	at org.springframework.dao.support.DataAccessUtils.translateIfNecessary(DataAccessUtils.java:335) ~[spring-tx-6.1.6.jar!/:6.1.6]
	at org.springframework.dao.support.PersistenceExceptionTranslationInterceptor.invoke(PersistenceExceptionTranslationInterceptor.java:152) ~[spring-tx-6.1.6.jar!/:6.1.6]
	at org.springframework.aop.framework.ReflectiveMethodInvocation.proceed(ReflectiveMethodInvocation.java:184) ~[spring-aop-6.1.6.jar!/:6.1.6]
	at org.springframework.data.jpa.repository.support.CrudMethodMetadataPostProcessor$CrudMethodMetadataPopulatingMethodInterceptor.invoke(CrudMethodMetadataPostProcessor.java:135) ~[spring-data-jpa-3.2.5.jar!/:3.2.5]
	at org.springframework.aop.framework.ReflectiveMethodInvocation.proceed(ReflectiveMethodInvocation.java:184) ~[spring-aop-6.1.6.jar!/:6.1.6]
	at org.springframework.aop.interceptor.ExposeInvocationInterceptor.invoke(ExposeInvocationInterceptor.java:97) ~[spring-aop-6.1.6.jar!/:6.1.6]
	at org.springframework.aop.framework.ReflectiveMethodInvocation.proceed(ReflectiveMethodInvocation.java:184) ~[spring-aop-6.1.6.jar!/:6.1.6]
	at org.springframework.aop.framework.JdkDynamicAopProxy.invoke(JdkDynamicAopProxy.java:223) ~[spring-aop-6.1.6.jar!/:6.1.6]
	at jdk.proxy2/jdk.proxy2.$Proxy143.findByStatusAndEndTimeBefore(Unknown Source) ~[na:na]
	at com.nhom4project.auctionweb.backend.service.AuctionScheduler.checkExpiredAuctions(AuctionScheduler.java:43) ~[!/:0.0.1-SNAPSHOT]
	at java.base/jdk.internal.reflect.DirectMethodHandleAccessor.invoke(DirectMethodHandleAccessor.java:104) ~[na:na]
	at java.base/java.lang.reflect.Method.invoke(Method.java:565) ~[na:na]
	at org.springframework.scheduling.support.ScheduledMethodRunnable.runInternal(ScheduledMethodRunnable.java:130) ~[spring-context-6.1.6.jar!/:6.1.6]
	at org.springframework.scheduling.support.ScheduledMethodRunnable.lambda$run$2(ScheduledMethodRunnable.java:124) ~[spring-context-6.1.6.jar!/:6.1.6]
	at io.micrometer.observation.Observation.observe(Observation.java:499) ~[micrometer-observation-1.12.5.jar!/:1.12.5]
	at org.springframework.scheduling.support.ScheduledMethodRunnable.run(ScheduledMethodRunnable.java:124) ~[spring-context-6.1.6.jar!/:6.1.6]
	at org.springframework.scheduling.support.DelegatingErrorHandlingRunnable.run(DelegatingErrorHandlingRunnable.java:54) ~[spring-context-6.1.6.jar!/:6.1.6]
	at java.base/java.util.concurrent.Executors$RunnableAdapter.call(Executors.java:545) ~[na:na]
	at java.base/java.util.concurrent.FutureTask.runAndReset(FutureTask.java:369) ~[na:na]
	at java.base/java.util.concurrent.ScheduledThreadPoolExecutor$ScheduledFutureTask.run(ScheduledThreadPoolExecutor.java:310) ~[na:na]
	at java.base/java.util.concurrent.ThreadPoolExecutor.runWorker(ThreadPoolExecutor.java:1090) ~[na:na]
	at java.base/java.util.concurrent.ThreadPoolExecutor$Worker.run(ThreadPoolExecutor.java:614) ~[na:na]
	at java.base/java.lang.Thread.run(Thread.java:1474) ~[na:na]
Caused by: org.hibernate.exception.JDBCConnectionException: Unable to acquire JDBC Connection [HikariPool-1 - Connection is not available, request timed out after 30007ms.] [n/a]
	at org.hibernate.exception.internal.SQLExceptionTypeDelegate.convert(SQLExceptionTypeDelegate.java:51) ~[hibernate-core-6.4.4.Final.jar!/:6.4.4.Final]
	at org.hibernate.exception.internal.StandardSQLExceptionConverter.convert(StandardSQLExceptionConverter.java:58) ~[hibernate-core-6.4.4.Final.jar!/:6.4.4.Final]
	at org.hibernate.engine.jdbc.spi.SqlExceptionHelper.convert(SqlExceptionHelper.java:108) ~[hibernate-core-6.4.4.Final.jar!/:6.4.4.Final]
	at org.hibernate.engine.jdbc.spi.SqlExceptionHelper.convert(SqlExceptionHelper.java:94) ~[hibernate-core-6.4.4.Final.jar!/:6.4.4.Final]
	at org.hibernate.resource.jdbc.internal.LogicalConnectionManagedImpl.acquireConnectionIfNeeded(LogicalConnectionManagedImpl.java:116) ~[hibernate-core-6.4.4.Final.jar!/:6.4.4.Final]
	at org.hibernate.resource.jdbc.internal.LogicalConnectionManagedImpl.getPhysicalConnection(LogicalConnectionManagedImpl.java:143) ~[hibernate-core-6.4.4.Final.jar!/:6.4.4.Final]
	at org.hibernate.engine.jdbc.internal.StatementPreparerImpl.connection(StatementPreparerImpl.java:54) ~[hibernate-core-6.4.4.Final.jar!/:6.4.4.Final]
	at org.hibernate.engine.jdbc.internal.StatementPreparerImpl$5.doPrepare(StatementPreparerImpl.java:153) ~[hibernate-core-6.4.4.Final.jar!/:6.4.4.Final]
	at org.hibernate.engine.jdbc.internal.StatementPreparerImpl$StatementPreparationTemplate.prepareStatement(StatementPreparerImpl.java:183) ~[hibernate-core-6.4.4.Final.jar!/:6.4.4.Final]
	at org.hibernate.engine.jdbc.internal.StatementPreparerImpl.prepareQueryStatement(StatementPreparerImpl.java:155) ~[hibernate-core-6.4.4.Final.jar!/:6.4.4.Final]
	at org.hibernate.sql.exec.spi.JdbcSelectExecutor.lambda$list$0(JdbcSelectExecutor.java:85) ~[hibernate-core-6.4.4.Final.jar!/:6.4.4.Final]
	at org.hibernate.sql.results.jdbc.internal.DeferredResultSetAccess.executeQuery(DeferredResultSetAccess.java:231) ~[hibernate-core-6.4.4.Final.jar!/:6.4.4.Final]
	at org.hibernate.sql.results.jdbc.internal.DeferredResultSetAccess.getResultSet(DeferredResultSetAccess.java:167) ~[hibernate-core-6.4.4.Final.jar!/:6.4.4.Final]
	at org.hibernate.sql.results.jdbc.internal.JdbcValuesResultSetImpl.advanceNext(JdbcValuesResultSetImpl.java:218) ~[hibernate-core-6.4.4.Final.jar!/:6.4.4.Final]
	at org.hibernate.sql.results.jdbc.internal.JdbcValuesResultSetImpl.processNext(JdbcValuesResultSetImpl.java:98) ~[hibernate-core-6.4.4.Final.jar!/:6.4.4.Final]
	at org.hibernate.sql.results.jdbc.internal.AbstractJdbcValues.next(AbstractJdbcValues.java:19) ~[hibernate-core-6.4.4.Final.jar!/:6.4.4.Final]
	at org.hibernate.sql.results.internal.RowProcessingStateStandardImpl.next(RowProcessingStateStandardImpl.java:66) ~[hibernate-core-6.4.4.Final.jar!/:6.4.4.Final]
	at org.hibernate.sql.results.spi.ListResultsConsumer.consume(ListResultsConsumer.java:202) ~[hibernate-core-6.4.4.Final.jar!/:6.4.4.Final]
	at org.hibernate.sql.results.spi.ListResultsConsumer.consume(ListResultsConsumer.java:33) ~[hibernate-core-6.4.4.Final.jar!/:6.4.4.Final]
	at org.hibernate.sql.exec.internal.JdbcSelectExecutorStandardImpl.doExecuteQuery(JdbcSelectExecutorStandardImpl.java:209) ~[hibernate-core-6.4.4.Final.jar!/:6.4.4.Final]
	at org.hibernate.sql.exec.internal.JdbcSelectExecutorStandardImpl.executeQuery(JdbcSelectExecutorStandardImpl.java:83) ~[hibernate-core-6.4.4.Final.jar!/:6.4.4.Final]
	at org.hibernate.sql.exec.spi.JdbcSelectExecutor.list(JdbcSelectExecutor.java:76) ~[hibernate-core-6.4.4.Final.jar!/:6.4.4.Final]
	at org.hibernate.sql.exec.spi.JdbcSelectExecutor.list(JdbcSelectExecutor.java:65) ~[hibernate-core-6.4.4.Final.jar!/:6.4.4.Final]
	at org.hibernate.query.sqm.internal.ConcreteSqmSelectQueryPlan.lambda$new$2(ConcreteSqmSelectQueryPlan.java:137) ~[hibernate-core-6.4.4.Final.jar!/:6.4.4.Final]
	at org.hibernate.query.sqm.internal.ConcreteSqmSelectQueryPlan.withCacheableSqmInterpretation(ConcreteSqmSelectQueryPlan.java:362) ~[hibernate-core-6.4.4.Final.jar!/:6.4.4.Final]
	at org.hibernate.query.sqm.internal.ConcreteSqmSelectQueryPlan.performList(ConcreteSqmSelectQueryPlan.java:303) ~[hibernate-core-6.4.4.Final.jar!/:6.4.4.Final]
	at org.hibernate.query.sqm.internal.QuerySqmImpl.doList(QuerySqmImpl.java:509) ~[hibernate-core-6.4.4.Final.jar!/:6.4.4.Final]
	at org.hibernate.query.spi.AbstractSelectionQuery.list(AbstractSelectionQuery.java:427) ~[hibernate-core-6.4.4.Final.jar!/:6.4.4.Final]
	at org.hibernate.query.Query.getResultList(Query.java:120) ~[hibernate-core-6.4.4.Final.jar!/:6.4.4.Final]
	at java.base/jdk.internal.reflect.DirectMethodHandleAccessor.invoke(DirectMethodHandleAccessor.java:104) ~[na:na]
	at java.base/java.lang.reflect.Method.invoke(Method.java:565) ~[na:na]
	at org.springframework.orm.jpa.SharedEntityManagerCreator$DeferredQueryInvocationHandler.invoke(SharedEntityManagerCreator.java:415) ~[spring-orm-6.1.6.jar!/:6.1.6]
	at jdk.proxy2/jdk.proxy2.$Proxy157.getResultList(Unknown Source) ~[na:na]
	at org.springframework.data.jpa.repository.query.JpaQueryExecution$CollectionExecution.doExecute(JpaQueryExecution.java:129) ~[spring-data-jpa-3.2.5.jar!/:3.2.5]
	at org.springframework.data.jpa.repository.query.JpaQueryExecution.execute(JpaQueryExecution.java:92) ~[spring-data-jpa-3.2.5.jar!/:3.2.5]
	at org.springframework.data.jpa.repository.query.AbstractJpaQuery.doExecute(AbstractJpaQuery.java:149) ~[spring-data-jpa-3.2.5.jar!/:3.2.5]
	at org.springframework.data.jpa.repository.query.AbstractJpaQuery.execute(AbstractJpaQuery.java:137) ~[spring-data-jpa-3.2.5.jar!/:3.2.5]
	at org.springframework.data.repository.core.support.RepositoryMethodInvoker.doInvoke(RepositoryMethodInvoker.java:170) ~[spring-data-commons-3.2.5.jar!/:3.2.5]
	at org.springframework.data.repository.core.support.RepositoryMethodInvoker.invoke(RepositoryMethodInvoker.java:158) ~[spring-data-commons-3.2.5.jar!/:3.2.5]
	at org.springframework.data.repository.core.support.QueryExecutorMethodInterceptor.doInvoke(QueryExecutorMethodInterceptor.java:164) ~[spring-data-commons-3.2.5.jar!/:3.2.5]
	at org.springframework.data.repository.core.support.QueryExecutorMethodInterceptor.invoke(QueryExecutorMethodInterceptor.java:143) ~[spring-data-commons-3.2.5.jar!/:3.2.5]
	at org.springframework.aop.framework.ReflectiveMethodInvocation.proceed(ReflectiveMethodInvocation.java:184) ~[spring-aop-6.1.6.jar!/:6.1.6]
	at org.springframework.data.projection.DefaultMethodInvokingMethodInterceptor.invoke(DefaultMethodInvokingMethodInterceptor.java:70) ~[spring-data-commons-3.2.5.jar!/:3.2.5]
	at org.springframework.aop.framework.ReflectiveMethodInvocation.proceed(ReflectiveMethodInvocation.java:184) ~[spring-aop-6.1.6.jar!/:6.1.6]
	at org.springframework.transaction.interceptor.TransactionInterceptor$1.proceedWithInvocation(TransactionInterceptor.java:123) ~[spring-tx-6.1.6.jar!/:6.1.6]
	at org.springframework.transaction.interceptor.TransactionAspectSupport.invokeWithinTransaction(TransactionAspectSupport.java:392) ~[spring-tx-6.1.6.jar!/:6.1.6]
	at org.springframework.transaction.interceptor.TransactionInterceptor.invoke(TransactionInterceptor.java:119) ~[spring-tx-6.1.6.jar!/:6.1.6]
	at org.springframework.aop.framework.ReflectiveMethodInvocation.proceed(ReflectiveMethodInvocation.java:184) ~[spring-aop-6.1.6.jar!/:6.1.6]
	at org.springframework.dao.support.PersistenceExceptionTranslationInterceptor.invoke(PersistenceExceptionTranslationInterceptor.java:137) ~[spring-tx-6.1.6.jar!/:6.1.6]
	... 21 common frames omitted
Caused by: java.sql.SQLTransientConnectionException: HikariPool-1 - Connection is not available, request timed out after 30007ms.
	at com.zaxxer.hikari.pool.HikariPool.createTimeoutException(HikariPool.java:696) ~[HikariCP-5.0.1.jar!/:na]
	at com.zaxxer.hikari.pool.HikariPool.getConnection(HikariPool.java:181) ~[HikariCP-5.0.1.jar!/:na]
	at com.zaxxer.hikari.pool.HikariPool.getConnection(HikariPool.java:146) ~[HikariCP-5.0.1.jar!/:na]
	at com.zaxxer.hikari.HikariDataSource.getConnection(HikariDataSource.java:128) ~[HikariCP-5.0.1.jar!/:na]
	at org.hibernate.engine.jdbc.connections.internal.DatasourceConnectionProviderImpl.getConnection(DatasourceConnectionProviderImpl.java:122) ~[hibernate-core-6.4.4.Final.jar!/:6.4.4.Final]
	at org.hibernate.internal.NonContextualJdbcConnectionAccess.obtainConnection(NonContextualJdbcConnectionAccess.java:46) ~[hibernate-core-6.4.4.Final.jar!/:6.4.4.Final]
	at org.hibernate.resource.jdbc.internal.LogicalConnectionManagedImpl.acquireConnectionIfNeeded(LogicalConnectionManagedImpl.java:113) ~[hibernate-core-6.4.4.Final.jar!/:6.4.4.Final]
	... 65 common frames omitted
Caused by: com.mysql.cj.jdbc.exceptions.CommunicationsException: Communications link failure

The last packet sent successfully to the server was 0 milliseconds ago. The driver has not received any packets from the server.
	at com.mysql.cj.jdbc.exceptions.SQLError.createCommunicationsException(SQLError.java:174) ~[mysql-connector-j-8.3.0.jar!/:8.3.0]
	at com.mysql.cj.jdbc.exceptions.SQLExceptionsMapping.translateException(SQLExceptionsMapping.java:64) ~[mysql-connector-j-8.3.0.jar!/:8.3.0]
	at com.mysql.cj.jdbc.ConnectionImpl.createNewIO(ConnectionImpl.java:815) ~[mysql-connector-j-8.3.0.jar!/:8.3.0]
	at com.mysql.cj.jdbc.ConnectionImpl.<init>(ConnectionImpl.java:438) ~[mysql-connector-j-8.3.0.jar!/:8.3.0]
	at com.mysql.cj.jdbc.ConnectionImpl.getInstance(ConnectionImpl.java:241) ~[mysql-connector-j-8.3.0.jar!/:8.3.0]
	at com.mysql.cj.jdbc.NonRegisteringDriver.connect(NonRegisteringDriver.java:189) ~[mysql-connector-j-8.3.0.jar!/:8.3.0]
	at com.zaxxer.hikari.util.DriverDataSource.getConnection(DriverDataSource.java:138) ~[HikariCP-5.0.1.jar!/:na]
	at com.zaxxer.hikari.pool.PoolBase.newConnection(PoolBase.java:359) ~[HikariCP-5.0.1.jar!/:na]
	at com.zaxxer.hikari.pool.PoolBase.newPoolEntry(PoolBase.java:201) ~[HikariCP-5.0.1.jar!/:na]
	at com.zaxxer.hikari.pool.HikariPool.createPoolEntry(HikariPool.java:470) ~[HikariCP-5.0.1.jar!/:na]
	at com.zaxxer.hikari.pool.HikariPool$PoolEntryCreator.call(HikariPool.java:733) ~[HikariCP-5.0.1.jar!/:na]
	at com.zaxxer.hikari.pool.HikariPool$PoolEntryCreator.call(HikariPool.java:712) ~[HikariCP-5.0.1.jar!/:na]
	at java.base/java.util.concurrent.FutureTask.run(FutureTask.java:328) ~[na:na]
	... 3 common frames omitted
Caused by: com.mysql.cj.exceptions.CJCommunicationsException: Communications link failure

The last packet sent successfully to the server was 0 milliseconds ago. The driver has not received any packets from the server.
	at java.base/jdk.internal.reflect.DirectConstructorHandleAccessor.newInstance(DirectConstructorHandleAccessor.java:62) ~[na:na]
	at java.base/java.lang.reflect.Constructor.newInstanceWithCaller(Constructor.java:499) ~[na:na]
	at java.base/java.lang.reflect.Constructor.newInstance(Constructor.java:483) ~[na:na]
	at com.mysql.cj.exceptions.ExceptionFactory.createException(ExceptionFactory.java:61) ~[mysql-connector-j-8.3.0.jar!/:8.3.0]
	at com.mysql.cj.exceptions.ExceptionFactory.createException(ExceptionFactory.java:104) ~[mysql-connector-j-8.3.0.jar!/:8.3.0]
	at com.mysql.cj.exceptions.ExceptionFactory.createException(ExceptionFactory.java:149) ~[mysql-connector-j-8.3.0.jar!/:8.3.0]
	at com.mysql.cj.exceptions.ExceptionFactory.createCommunicationsException(ExceptionFactory.java:165) ~[mysql-connector-j-8.3.0.jar!/:8.3.0]
	at com.mysql.cj.protocol.a.NativeSocketConnection.connect(NativeSocketConnection.java:88) ~[mysql-connector-j-8.3.0.jar!/:8.3.0]
	at com.mysql.cj.NativeSession.connect(NativeSession.java:120) ~[mysql-connector-j-8.3.0.jar!/:8.3.0]
	at com.mysql.cj.jdbc.ConnectionImpl.connectOneTryOnly(ConnectionImpl.java:935) ~[mysql-connector-j-8.3.0.jar!/:8.3.0]
	at com.mysql.cj.jdbc.ConnectionImpl.createNewIO(ConnectionImpl.java:805) ~[mysql-connector-j-8.3.0.jar!/:8.3.0]
	... 13 common frames omitted
Caused by: java.net.UnknownHostException: No such host is known (tramway.proxy.rlwy.net)
	at java.base/java.net.Inet6AddressImpl.lookupAllHostAddr(Native Method) ~[na:na]
	at java.base/java.net.Inet6AddressImpl.lookupAllHostAddr(Inet6AddressImpl.java:52) ~[na:na]
	at java.base/java.net.InetAddress$PlatformResolver.lookupByName(InetAddress.java:1134) ~[na:na]
	at java.base/java.net.InetAddress.getAddressesFromNameService(InetAddress.java:1712) ~[na:na]
	at java.base/java.net.InetAddress$NameServiceAddresses.get(InetAddress.java:1060) ~[na:na]
	at java.base/java.net.InetAddress.getAllByName0(InetAddress.java:1702) ~[na:na]
	at java.base/java.net.InetAddress.getAllByName(InetAddress.java:1582) ~[na:na]
	at com.mysql.cj.protocol.StandardSocketFactory.connect(StandardSocketFactory.java:130) ~[mysql-connector-j-8.3.0.jar!/:8.3.0]
	at com.mysql.cj.protocol.a.NativeSocketConnection.connect(NativeSocketConnection.java:62) ~[mysql-connector-j-8.3.0.jar!/:8.3.0]
	... 16 common frames omitted

2026-05-26T00:17:55.737+07:00  WARN 2204 --- [auctionweb] [auction-sched-1] o.h.engine.jdbc.spi.SqlExceptionHelper   : SQL Error: 0, SQLState: 08S01
2026-05-26T00:17:55.737+07:00 ERROR 2204 --- [auctionweb] [auction-sched-1] o.h.engine.jdbc.spi.SqlExceptionHelper   : HikariPool-1 - Connection is not available, request timed out after 30007ms.
2026-05-26T00:17:55.738+07:00 ERROR 2204 --- [auctionweb] [auction-sched-1] o.h.engine.jdbc.spi.SqlExceptionHelper   : Communications link failure

The last packet sent successfully to the server was 0 milliseconds ago. The driver has not received any packets from the server.
2026-05-26T00:17:55.738+07:00 ERROR 2204 --- [auctionweb] [auction-sched-1] o.s.s.s.TaskUtils$LoggingErrorHandler    : Unexpected error occurred in scheduled task

org.springframework.dao.DataAccessResourceFailureException: Unable to acquire JDBC Connection [HikariPool-1 - Connection is not available, request timed out after 30007ms.] [n/a]
	at org.springframework.orm.jpa.vendor.HibernateJpaDialect.convertHibernateAccessException(HibernateJpaDialect.java:274) ~[spring-orm-6.1.6.jar!/:6.1.6]
	at org.springframework.orm.jpa.vendor.HibernateJpaDialect.translateExceptionIfPossible(HibernateJpaDialect.java:241) ~[spring-orm-6.1.6.jar!/:6.1.6]
	at org.springframework.orm.jpa.AbstractEntityManagerFactoryBean.translateExceptionIfPossible(AbstractEntityManagerFactoryBean.java:550) ~[spring-orm-6.1.6.jar!/:6.1.6]
	at org.springframework.dao.support.ChainedPersistenceExceptionTranslator.translateExceptionIfPossible(ChainedPersistenceExceptionTranslator.java:61) ~[spring-tx-6.1.6.jar!/:6.1.6]
	at org.springframework.dao.support.DataAccessUtils.translateIfNecessary(DataAccessUtils.java:335) ~[spring-tx-6.1.6.jar!/:6.1.6]
	at org.springframework.dao.support.PersistenceExceptionTranslationInterceptor.invoke(PersistenceExceptionTranslationInterceptor.java:152) ~[spring-tx-6.1.6.jar!/:6.1.6]
	at org.springframework.aop.framework.ReflectiveMethodInvocation.proceed(ReflectiveMethodInvocation.java:184) ~[spring-aop-6.1.6.jar!/:6.1.6]
	at org.springframework.data.jpa.repository.support.CrudMethodMetadataPostProcessor$CrudMethodMetadataPopulatingMethodInterceptor.invoke(CrudMethodMetadataPostProcessor.java:135) ~[spring-data-jpa-3.2.5.jar!/:3.2.5]
	at org.springframework.aop.framework.ReflectiveMethodInvocation.proceed(ReflectiveMethodInvocation.java:184) ~[spring-aop-6.1.6.jar!/:6.1.6]
	at org.springframework.aop.interceptor.ExposeInvocationInterceptor.invoke(ExposeInvocationInterceptor.java:97) ~[spring-aop-6.1.6.jar!/:6.1.6]
	at org.springframework.aop.framework.ReflectiveMethodInvocation.proceed(ReflectiveMethodInvocation.java:184) ~[spring-aop-6.1.6.jar!/:6.1.6]
	at org.springframework.aop.framework.JdkDynamicAopProxy.invoke(JdkDynamicAopProxy.java:223) ~[spring-aop-6.1.6.jar!/:6.1.6]
	at jdk.proxy2/jdk.proxy2.$Proxy143.findByStatusAndEndTimeBefore(Unknown Source) ~[na:na]
	at com.nhom4project.auctionweb.backend.service.AuctionScheduler.checkExpiredAuctions(AuctionScheduler.java:43) ~[!/:0.0.1-SNAPSHOT]
	at java.base/jdk.internal.reflect.DirectMethodHandleAccessor.invoke(DirectMethodHandleAccessor.java:104) ~[na:na]
	at java.base/java.lang.reflect.Method.invoke(Method.java:565) ~[na:na]
	at org.springframework.scheduling.support.ScheduledMethodRunnable.runInternal(ScheduledMethodRunnable.java:130) ~[spring-context-6.1.6.jar!/:6.1.6]
	at org.springframework.scheduling.support.ScheduledMethodRunnable.lambda$run$2(ScheduledMethodRunnable.java:124) ~[spring-context-6.1.6.jar!/:6.1.6]
	at io.micrometer.observation.Observation.observe(Observation.java:499) ~[micrometer-observation-1.12.5.jar!/:1.12.5]
	at org.springframework.scheduling.support.ScheduledMethodRunnable.run(ScheduledMethodRunnable.java:124) ~[spring-context-6.1.6.jar!/:6.1.6]
	at org.springframework.scheduling.support.DelegatingErrorHandlingRunnable.run(DelegatingErrorHandlingRunnable.java:54) ~[spring-context-6.1.6.jar!/:6.1.6]
	at java.base/java.util.concurrent.Executors$RunnableAdapter.call(Executors.java:545) ~[na:na]
	at java.base/java.util.concurrent.FutureTask.runAndReset(FutureTask.java:369) ~[na:na]
	at java.base/java.util.concurrent.ScheduledThreadPoolExecutor$ScheduledFutureTask.run(ScheduledThreadPoolExecutor.java:310) ~[na:na]
	at java.base/java.util.concurrent.ThreadPoolExecutor.runWorker(ThreadPoolExecutor.java:1090) ~[na:na]
	at java.base/java.util.concurrent.ThreadPoolExecutor$Worker.run(ThreadPoolExecutor.java:614) ~[na:na]
	at java.base/java.lang.Thread.run(Thread.java:1474) ~[na:na]
Caused by: org.hibernate.exception.JDBCConnectionException: Unable to acquire JDBC Connection [HikariPool-1 - Connection is not available, request timed out after 30007ms.] [n/a]
	at org.hibernate.exception.internal.SQLExceptionTypeDelegate.convert(SQLExceptionTypeDelegate.java:51) ~[hibernate-core-6.4.4.Final.jar!/:6.4.4.Final]
	at org.hibernate.exception.internal.StandardSQLExceptionConverter.convert(StandardSQLExceptionConverter.java:58) ~[hibernate-core-6.4.4.Final.jar!/:6.4.4.Final]
	at org.hibernate.engine.jdbc.spi.SqlExceptionHelper.convert(SqlExceptionHelper.java:108) ~[hibernate-core-6.4.4.Final.jar!/:6.4.4.Final]
	at org.hibernate.engine.jdbc.spi.SqlExceptionHelper.convert(SqlExceptionHelper.java:94) ~[hibernate-core-6.4.4.Final.jar!/:6.4.4.Final]
	at org.hibernate.resource.jdbc.internal.LogicalConnectionManagedImpl.acquireConnectionIfNeeded(LogicalConnectionManagedImpl.java:116) ~[hibernate-core-6.4.4.Final.jar!/:6.4.4.Final]
	at org.hibernate.resource.jdbc.internal.LogicalConnectionManagedImpl.getPhysicalConnection(LogicalConnectionManagedImpl.java:143) ~[hibernate-core-6.4.4.Final.jar!/:6.4.4.Final]
	at org.hibernate.engine.jdbc.internal.StatementPreparerImpl.connection(StatementPreparerImpl.java:54) ~[hibernate-core-6.4.4.Final.jar!/:6.4.4.Final]
	at org.hibernate.engine.jdbc.internal.StatementPreparerImpl$5.doPrepare(StatementPreparerImpl.java:153) ~[hibernate-core-6.4.4.Final.jar!/:6.4.4.Final]
	at org.hibernate.engine.jdbc.internal.StatementPreparerImpl$StatementPreparationTemplate.prepareStatement(StatementPreparerImpl.java:183) ~[hibernate-core-6.4.4.Final.jar!/:6.4.4.Final]
	at org.hibernate.engine.jdbc.internal.StatementPreparerImpl.prepareQueryStatement(StatementPreparerImpl.java:155) ~[hibernate-core-6.4.4.Final.jar!/:6.4.4.Final]
	at org.hibernate.sql.exec.spi.JdbcSelectExecutor.lambda$list$0(JdbcSelectExecutor.java:85) ~[hibernate-core-6.4.4.Final.jar!/:6.4.4.Final]
	at org.hibernate.sql.results.jdbc.internal.DeferredResultSetAccess.executeQuery(DeferredResultSetAccess.java:231) ~[hibernate-core-6.4.4.Final.jar!/:6.4.4.Final]
	at org.hibernate.sql.results.jdbc.internal.DeferredResultSetAccess.getResultSet(DeferredResultSetAccess.java:167) ~[hibernate-core-6.4.4.Final.jar!/:6.4.4.Final]
	at org.hibernate.sql.results.jdbc.internal.JdbcValuesResultSetImpl.advanceNext(JdbcValuesResultSetImpl.java:218) ~[hibernate-core-6.4.4.Final.jar!/:6.4.4.Final]
	at org.hibernate.sql.results.jdbc.internal.JdbcValuesResultSetImpl.processNext(JdbcValuesResultSetImpl.java:98) ~[hibernate-core-6.4.4.Final.jar!/:6.4.4.Final]
	at org.hibernate.sql.results.jdbc.internal.AbstractJdbcValues.next(AbstractJdbcValues.java:19) ~[hibernate-core-6.4.4.Final.jar!/:6.4.4.Final]
	at org.hibernate.sql.results.internal.RowProcessingStateStandardImpl.next(RowProcessingStateStandardImpl.java:66) ~[hibernate-core-6.4.4.Final.jar!/:6.4.4.Final]
	at org.hibernate.sql.results.spi.ListResultsConsumer.consume(ListResultsConsumer.java:202) ~[hibernate-core-6.4.4.Final.jar!/:6.4.4.Final]
	at org.hibernate.sql.results.spi.ListResultsConsumer.consume(ListResultsConsumer.java:33) ~[hibernate-core-6.4.4.Final.jar!/:6.4.4.Final]
	at org.hibernate.sql.exec.internal.JdbcSelectExecutorStandardImpl.doExecuteQuery(JdbcSelectExecutorStandardImpl.java:209) ~[hibernate-core-6.4.4.Final.jar!/:6.4.4.Final]
	at org.hibernate.sql.exec.internal.JdbcSelectExecutorStandardImpl.executeQuery(JdbcSelectExecutorStandardImpl.java:83) ~[hibernate-core-6.4.4.Final.jar!/:6.4.4.Final]
	at org.hibernate.sql.exec.spi.JdbcSelectExecutor.list(JdbcSelectExecutor.java:76) ~[hibernate-core-6.4.4.Final.jar!/:6.4.4.Final]
	at org.hibernate.sql.exec.spi.JdbcSelectExecutor.list(JdbcSelectExecutor.java:65) ~[hibernate-core-6.4.4.Final.jar!/:6.4.4.Final]
	at org.hibernate.query.sqm.internal.ConcreteSqmSelectQueryPlan.lambda$new$2(ConcreteSqmSelectQueryPlan.java:137) ~[hibernate-core-6.4.4.Final.jar!/:6.4.4.Final]
	at org.hibernate.query.sqm.internal.ConcreteSqmSelectQueryPlan.withCacheableSqmInterpretation(ConcreteSqmSelectQueryPlan.java:362) ~[hibernate-core-6.4.4.Final.jar!/:6.4.4.Final]
	at org.hibernate.query.sqm.internal.ConcreteSqmSelectQueryPlan.performList(ConcreteSqmSelectQueryPlan.java:303) ~[hibernate-core-6.4.4.Final.jar!/:6.4.4.Final]
	at org.hibernate.query.sqm.internal.QuerySqmImpl.doList(QuerySqmImpl.java:509) ~[hibernate-core-6.4.4.Final.jar!/:6.4.4.Final]
	at org.hibernate.query.spi.AbstractSelectionQuery.list(AbstractSelectionQuery.java:427) ~[hibernate-core-6.4.4.Final.jar!/:6.4.4.Final]
	at org.hibernate.query.Query.getResultList(Query.java:120) ~[hibernate-core-6.4.4.Final.jar!/:6.4.4.Final]
	at java.base/jdk.internal.reflect.DirectMethodHandleAccessor.invoke(DirectMethodHandleAccessor.java:104) ~[na:na]
	at java.base/java.lang.reflect.Method.invoke(Method.java:565) ~[na:na]
	at org.springframework.orm.jpa.SharedEntityManagerCreator$DeferredQueryInvocationHandler.invoke(SharedEntityManagerCreator.java:415) ~[spring-orm-6.1.6.jar!/:6.1.6]
	at jdk.proxy2/jdk.proxy2.$Proxy157.getResultList(Unknown Source) ~[na:na]
	at org.springframework.data.jpa.repository.query.JpaQueryExecution$CollectionExecution.doExecute(JpaQueryExecution.java:129) ~[spring-data-jpa-3.2.5.jar!/:3.2.5]
	at org.springframework.data.jpa.repository.query.JpaQueryExecution.execute(JpaQueryExecution.java:92) ~[spring-data-jpa-3.2.5.jar!/:3.2.5]
	at org.springframework.data.jpa.repository.query.AbstractJpaQuery.doExecute(AbstractJpaQuery.java:149) ~[spring-data-jpa-3.2.5.jar!/:3.2.5]
	at org.springframework.data.jpa.repository.query.AbstractJpaQuery.execute(AbstractJpaQuery.java:137) ~[spring-data-jpa-3.2.5.jar!/:3.2.5]
	at org.springframework.data.repository.core.support.RepositoryMethodInvoker.doInvoke(RepositoryMethodInvoker.java:170) ~[spring-data-commons-3.2.5.jar!/:3.2.5]
	at org.springframework.data.repository.core.support.RepositoryMethodInvoker.invoke(RepositoryMethodInvoker.java:158) ~[spring-data-commons-3.2.5.jar!/:3.2.5]
	at org.springframework.data.repository.core.support.QueryExecutorMethodInterceptor.doInvoke(QueryExecutorMethodInterceptor.java:164) ~[spring-data-commons-3.2.5.jar!/:3.2.5]
	at org.springframework.data.repository.core.support.QueryExecutorMethodInterceptor.invoke(QueryExecutorMethodInterceptor.java:143) ~[spring-data-commons-3.2.5.jar!/:3.2.5]
	at org.springframework.aop.framework.ReflectiveMethodInvocation.proceed(ReflectiveMethodInvocation.java:184) ~[spring-aop-6.1.6.jar!/:6.1.6]
	at org.springframework.data.projection.DefaultMethodInvokingMethodInterceptor.invoke(DefaultMethodInvokingMethodInterceptor.java:70) ~[spring-data-commons-3.2.5.jar!/:3.2.5]
	at org.springframework.aop.framework.ReflectiveMethodInvocation.proceed(ReflectiveMethodInvocation.java:184) ~[spring-aop-6.1.6.jar!/:6.1.6]
	at org.springframework.transaction.interceptor.TransactionInterceptor$1.proceedWithInvocation(TransactionInterceptor.java:123) ~[spring-tx-6.1.6.jar!/:6.1.6]
	at org.springframework.transaction.interceptor.TransactionAspectSupport.invokeWithinTransaction(TransactionAspectSupport.java:392) ~[spring-tx-6.1.6.jar!/:6.1.6]
	at org.springframework.transaction.interceptor.TransactionInterceptor.invoke(TransactionInterceptor.java:119) ~[spring-tx-6.1.6.jar!/:6.1.6]
	at org.springframework.aop.framework.ReflectiveMethodInvocation.proceed(ReflectiveMethodInvocation.java:184) ~[spring-aop-6.1.6.jar!/:6.1.6]
	at org.springframework.dao.support.PersistenceExceptionTranslationInterceptor.invoke(PersistenceExceptionTranslationInterceptor.java:137) ~[spring-tx-6.1.6.jar!/:6.1.6]
	... 21 common frames omitted
Caused by: java.sql.SQLTransientConnectionException: HikariPool-1 - Connection is not available, request timed out after 30007ms.
	at com.zaxxer.hikari.pool.HikariPool.createTimeoutException(HikariPool.java:696) ~[HikariCP-5.0.1.jar!/:na]
	at com.zaxxer.hikari.pool.HikariPool.getConnection(HikariPool.java:181) ~[HikariCP-5.0.1.jar!/:na]
	at com.zaxxer.hikari.pool.HikariPool.getConnection(HikariPool.java:146) ~[HikariCP-5.0.1.jar!/:na]
	at com.zaxxer.hikari.HikariDataSource.getConnection(HikariDataSource.java:128) ~[HikariCP-5.0.1.jar!/:na]
	at org.hibernate.engine.jdbc.connections.internal.DatasourceConnectionProviderImpl.getConnection(DatasourceConnectionProviderImpl.java:122) ~[hibernate-core-6.4.4.Final.jar!/:6.4.4.Final]
	at org.hibernate.internal.NonContextualJdbcConnectionAccess.obtainConnection(NonContextualJdbcConnectionAccess.java:46) ~[hibernate-core-6.4.4.Final.jar!/:6.4.4.Final]
	at org.hibernate.resource.jdbc.internal.LogicalConnectionManagedImpl.acquireConnectionIfNeeded(LogicalConnectionManagedImpl.java:113) ~[hibernate-core-6.4.4.Final.jar!/:6.4.4.Final]
	... 65 common frames omitted
Caused by: com.mysql.cj.jdbc.exceptions.CommunicationsException: Communications link failure

The last packet sent successfully to the server was 0 milliseconds ago. The driver has not received any packets from the server.
	at com.mysql.cj.jdbc.exceptions.SQLError.createCommunicationsException(SQLError.java:174) ~[mysql-connector-j-8.3.0.jar!/:8.3.0]
	at com.mysql.cj.jdbc.exceptions.SQLExceptionsMapping.translateException(SQLExceptionsMapping.java:64) ~[mysql-connector-j-8.3.0.jar!/:8.3.0]
	at com.mysql.cj.jdbc.ConnectionImpl.createNewIO(ConnectionImpl.java:815) ~[mysql-connector-j-8.3.0.jar!/:8.3.0]
	at com.mysql.cj.jdbc.ConnectionImpl.<init>(ConnectionImpl.java:438) ~[mysql-connector-j-8.3.0.jar!/:8.3.0]
	at com.mysql.cj.jdbc.ConnectionImpl.getInstance(ConnectionImpl.java:241) ~[mysql-connector-j-8.3.0.jar!/:8.3.0]
	at com.mysql.cj.jdbc.NonRegisteringDriver.connect(NonRegisteringDriver.java:189) ~[mysql-connector-j-8.3.0.jar!/:8.3.0]
	at com.zaxxer.hikari.util.DriverDataSource.getConnection(DriverDataSource.java:138) ~[HikariCP-5.0.1.jar!/:na]
	at com.zaxxer.hikari.pool.PoolBase.newConnection(PoolBase.java:359) ~[HikariCP-5.0.1.jar!/:na]
	at com.zaxxer.hikari.pool.PoolBase.newPoolEntry(PoolBase.java:201) ~[HikariCP-5.0.1.jar!/:na]
	at com.zaxxer.hikari.pool.HikariPool.createPoolEntry(HikariPool.java:470) ~[HikariCP-5.0.1.jar!/:na]
	at com.zaxxer.hikari.pool.HikariPool$PoolEntryCreator.call(HikariPool.java:733) ~[HikariCP-5.0.1.jar!/:na]
	at com.zaxxer.hikari.pool.HikariPool$PoolEntryCreator.call(HikariPool.java:712) ~[HikariCP-5.0.1.jar!/:na]
	at java.base/java.util.concurrent.FutureTask.run(FutureTask.java:328) ~[na:na]
	... 3 common frames omitted
Caused by: com.mysql.cj.exceptions.CJCommunicationsException: Communications link failure

The last packet sent successfully to the server was 0 milliseconds ago. The driver has not received any packets from the server.
	at java.base/jdk.internal.reflect.DirectConstructorHandleAccessor.newInstance(DirectConstructorHandleAccessor.java:62) ~[na:na]
	at java.base/java.lang.reflect.Constructor.newInstanceWithCaller(Constructor.java:499) ~[na:na]
	at java.base/java.lang.reflect.Constructor.newInstance(Constructor.java:483) ~[na:na]
	at com.mysql.cj.exceptions.ExceptionFactory.createException(ExceptionFactory.java:61) ~[mysql-connector-j-8.3.0.jar!/:8.3.0]
	at com.mysql.cj.exceptions.ExceptionFactory.createException(ExceptionFactory.java:104) ~[mysql-connector-j-8.3.0.jar!/:8.3.0]
	at com.mysql.cj.exceptions.ExceptionFactory.createException(ExceptionFactory.java:149) ~[mysql-connector-j-8.3.0.jar!/:8.3.0]
	at com.mysql.cj.exceptions.ExceptionFactory.createCommunicationsException(ExceptionFactory.java:165) ~[mysql-connector-j-8.3.0.jar!/:8.3.0]
	at com.mysql.cj.protocol.a.NativeSocketConnection.connect(NativeSocketConnection.java:88) ~[mysql-connector-j-8.3.0.jar!/:8.3.0]
	at com.mysql.cj.NativeSession.connect(NativeSession.java:120) ~[mysql-connector-j-8.3.0.jar!/:8.3.0]
	at com.mysql.cj.jdbc.ConnectionImpl.connectOneTryOnly(ConnectionImpl.java:935) ~[mysql-connector-j-8.3.0.jar!/:8.3.0]
	at com.mysql.cj.jdbc.ConnectionImpl.createNewIO(ConnectionImpl.java:805) ~[mysql-connector-j-8.3.0.jar!/:8.3.0]
	... 13 common frames omitted
Caused by: java.net.UnknownHostException: No such host is known (tramway.proxy.rlwy.net)
	at java.base/java.net.Inet6AddressImpl.lookupAllHostAddr(Native Method) ~[na:na]
	at java.base/java.net.Inet6AddressImpl.lookupAllHostAddr(Inet6AddressImpl.java:52) ~[na:na]
	at java.base/java.net.InetAddress$PlatformResolver.lookupByName(InetAddress.java:1134) ~[na:na]
	at java.base/java.net.InetAddress.getAddressesFromNameService(InetAddress.java:1712) ~[na:na]
	at java.base/java.net.InetAddress$NameServiceAddresses.get(InetAddress.java:1060) ~[na:na]
	at java.base/java.net.InetAddress.getAllByName0(InetAddress.java:1702) ~[na:na]
	at java.base/java.net.InetAddress.getAllByName(InetAddress.java:1582) ~[na:na]
	at com.mysql.cj.protocol.StandardSocketFactory.connect(StandardSocketFactory.java:130) ~[mysql-connector-j-8.3.0.jar!/:8.3.0]
	at com.mysql.cj.protocol.a.NativeSocketConnection.connect(NativeSocketConnection.java:62) ~[mysql-connector-j-8.3.0.jar!/:8.3.0]
	... 16 common frames omitted

2026-05-26T00:27:18.635+07:00  INFO 2204 --- [auctionweb] [SpringApplicationShutdownHook] com.zaxxer.hikari.HikariDataSource       : HikariPool-1 - Shutdown initiated...
2026-05-26T00:27:18.639+07:00  INFO 2204 --- [auctionweb] [SpringApplicationShutdownHook] com.zaxxer.hikari.HikariDataSource       : HikariPool-1 - Shutdown completed.
2026-05-26T00:29:46.914+07:00  INFO 15700 --- [auctionweb] [Thread-0] o.apache.catalina.core.StandardService   : Starting service [Tomcat]
2026-05-26T00:29:46.916+07:00  INFO 15700 --- [auctionweb] [Thread-0] o.apache.catalina.core.StandardEngine    : Starting Servlet engine: [Apache Tomcat/10.1.20]
2026-05-26T00:29:46.956+07:00  INFO 15700 --- [auctionweb] [Thread-0] o.a.c.c.C.[Tomcat].[localhost].[/]       : Initializing Spring embedded WebApplicationContext
2026-05-26T00:29:47.130+07:00  INFO 15700 --- [auctionweb] [Thread-0] o.hibernate.jpa.internal.util.LogHelper  : HHH000204: Processing PersistenceUnitInfo [name: default]
2026-05-26T00:29:47.163+07:00  INFO 15700 --- [auctionweb] [Thread-0] org.hibernate.Version                    : HHH000412: Hibernate ORM core version 6.4.4.Final
2026-05-26T00:29:47.181+07:00  INFO 15700 --- [auctionweb] [Thread-0] o.h.c.internal.RegionFactoryInitiator    : HHH000026: Second-level cache disabled
2026-05-26T00:29:47.331+07:00  INFO 15700 --- [auctionweb] [Thread-0] com.zaxxer.hikari.HikariDataSource       : HikariPool-1 - Starting...
2026-05-26T00:29:48.047+07:00  INFO 15700 --- [auctionweb] [Thread-0] com.zaxxer.hikari.pool.HikariPool        : HikariPool-1 - Added connection com.mysql.cj.jdbc.ConnectionImpl@3570042
2026-05-26T00:29:48.048+07:00  INFO 15700 --- [auctionweb] [Thread-0] com.zaxxer.hikari.HikariDataSource       : HikariPool-1 - Start completed.
2026-05-26T00:29:48.231+07:00  WARN 15700 --- [auctionweb] [Thread-0] org.hibernate.orm.deprecation            : HHH90000025: MySQLDialect does not need to be specified explicitly using 'hibernate.dialect' (remove the property setting and it will be selected by default)
2026-05-26T00:29:48.920+07:00  INFO 15700 --- [auctionweb] [Thread-0] o.h.e.t.j.p.i.JtaPlatformInitiator       : HHH000489: No JTA platform available (set 'hibernate.transaction.jta.platform' to enable JTA platform integration)
2026-05-26T00:29:58.475+07:00  INFO 15700 --- [auctionweb] [http-nio-8080-exec-1] o.a.c.c.C.[Tomcat].[localhost].[/]       : Initializing Spring DispatcherServlet 'dispatcherServlet'
2026-05-26T00:31:11.894+07:00  WARN 15700 --- [auctionweb] [auction-sched-2] o.h.engine.jdbc.spi.SqlExceptionHelper   : SQL Error: 1146, SQLState: 42S02
2026-05-26T00:31:11.894+07:00 ERROR 15700 --- [auctionweb] [auction-sched-2] o.h.engine.jdbc.spi.SqlExceptionHelper   : Table 'railway.auction_sessions' doesn't exist
2026-05-26T00:31:11.898+07:00 ERROR 15700 --- [auctionweb] [auction-sched-2] o.s.s.s.TaskUtils$LoggingErrorHandler    : Unexpected error occurred in scheduled task

org.springframework.dao.InvalidDataAccessResourceUsageException: JDBC exception executing SQL [select a1_0.id,a1_0.bid_count,a1_0.category,a1_0.created_at,a1_0.current_price,a1_0.description,a1_0.end_time,a1_0.item_id,a1_0.seller_id,a1_0.start_time,a1_0.starting_price,a1_0.status,a1_0.title,a1_0.updated_at,a1_0.version,a1_0.winner_id from auction_sessions a1_0 where a1_0.status=? and a1_0.end_time<?] [Table 'railway.auction_sessions' doesn't exist] [n/a]; SQL [n/a]
	at org.springframework.orm.jpa.vendor.HibernateJpaDialect.convertHibernateAccessException(HibernateJpaDialect.java:277) ~[spring-orm-6.1.6.jar!/:6.1.6]
	at org.springframework.orm.jpa.vendor.HibernateJpaDialect.translateExceptionIfPossible(HibernateJpaDialect.java:241) ~[spring-orm-6.1.6.jar!/:6.1.6]
	at org.springframework.orm.jpa.AbstractEntityManagerFactoryBean.translateExceptionIfPossible(AbstractEntityManagerFactoryBean.java:550) ~[spring-orm-6.1.6.jar!/:6.1.6]
	at org.springframework.dao.support.ChainedPersistenceExceptionTranslator.translateExceptionIfPossible(ChainedPersistenceExceptionTranslator.java:61) ~[spring-tx-6.1.6.jar!/:6.1.6]
	at org.springframework.dao.support.DataAccessUtils.translateIfNecessary(DataAccessUtils.java:335) ~[spring-tx-6.1.6.jar!/:6.1.6]
	at org.springframework.dao.support.PersistenceExceptionTranslationInterceptor.invoke(PersistenceExceptionTranslationInterceptor.java:152) ~[spring-tx-6.1.6.jar!/:6.1.6]
	at org.springframework.aop.framework.ReflectiveMethodInvocation.proceed(ReflectiveMethodInvocation.java:184) ~[spring-aop-6.1.6.jar!/:6.1.6]
	at org.springframework.data.jpa.repository.support.CrudMethodMetadataPostProcessor$CrudMethodMetadataPopulatingMethodInterceptor.invoke(CrudMethodMetadataPostProcessor.java:135) ~[spring-data-jpa-3.2.5.jar!/:3.2.5]
	at org.springframework.aop.framework.ReflectiveMethodInvocation.proceed(ReflectiveMethodInvocation.java:184) ~[spring-aop-6.1.6.jar!/:6.1.6]
	at org.springframework.aop.interceptor.ExposeInvocationInterceptor.invoke(ExposeInvocationInterceptor.java:97) ~[spring-aop-6.1.6.jar!/:6.1.6]
	at org.springframework.aop.framework.ReflectiveMethodInvocation.proceed(ReflectiveMethodInvocation.java:184) ~[spring-aop-6.1.6.jar!/:6.1.6]
	at org.springframework.aop.framework.JdkDynamicAopProxy.invoke(JdkDynamicAopProxy.java:223) ~[spring-aop-6.1.6.jar!/:6.1.6]
	at jdk.proxy2/jdk.proxy2.$Proxy143.findByStatusAndEndTimeBefore(Unknown Source) ~[na:na]
	at com.nhom4project.auctionweb.backend.service.AuctionScheduler.checkExpiredAuctions(AuctionScheduler.java:43) ~[!/:0.0.1-SNAPSHOT]
	at java.base/jdk.internal.reflect.DirectMethodHandleAccessor.invoke(DirectMethodHandleAccessor.java:104) ~[na:na]
	at java.base/java.lang.reflect.Method.invoke(Method.java:565) ~[na:na]
	at org.springframework.scheduling.support.ScheduledMethodRunnable.runInternal(ScheduledMethodRunnable.java:130) ~[spring-context-6.1.6.jar!/:6.1.6]
	at org.springframework.scheduling.support.ScheduledMethodRunnable.lambda$run$2(ScheduledMethodRunnable.java:124) ~[spring-context-6.1.6.jar!/:6.1.6]
	at io.micrometer.observation.Observation.observe(Observation.java:499) ~[micrometer-observation-1.12.5.jar!/:1.12.5]
	at org.springframework.scheduling.support.ScheduledMethodRunnable.run(ScheduledMethodRunnable.java:124) ~[spring-context-6.1.6.jar!/:6.1.6]
	at org.springframework.scheduling.support.DelegatingErrorHandlingRunnable.run(DelegatingErrorHandlingRunnable.java:54) ~[spring-context-6.1.6.jar!/:6.1.6]
	at java.base/java.util.concurrent.Executors$RunnableAdapter.call(Executors.java:545) ~[na:na]
	at java.base/java.util.concurrent.FutureTask.runAndReset(FutureTask.java:369) ~[na:na]
	at java.base/java.util.concurrent.ScheduledThreadPoolExecutor$ScheduledFutureTask.run(ScheduledThreadPoolExecutor.java:310) ~[na:na]
	at java.base/java.util.concurrent.ThreadPoolExecutor.runWorker(ThreadPoolExecutor.java:1090) ~[na:na]
	at java.base/java.util.concurrent.ThreadPoolExecutor$Worker.run(ThreadPoolExecutor.java:614) ~[na:na]
	at java.base/java.lang.Thread.run(Thread.java:1474) ~[na:na]
Caused by: org.hibernate.exception.SQLGrammarException: JDBC exception executing SQL [select a1_0.id,a1_0.bid_count,a1_0.category,a1_0.created_at,a1_0.current_price,a1_0.description,a1_0.end_time,a1_0.item_id,a1_0.seller_id,a1_0.start_time,a1_0.starting_price,a1_0.status,a1_0.title,a1_0.updated_at,a1_0.version,a1_0.winner_id from auction_sessions a1_0 where a1_0.status=? and a1_0.end_time<?] [Table 'railway.auction_sessions' doesn't exist] [n/a]
	at org.hibernate.exception.internal.SQLExceptionTypeDelegate.convert(SQLExceptionTypeDelegate.java:66) ~[hibernate-core-6.4.4.Final.jar!/:6.4.4.Final]
	at org.hibernate.exception.internal.StandardSQLExceptionConverter.convert(StandardSQLExceptionConverter.java:58) ~[hibernate-core-6.4.4.Final.jar!/:6.4.4.Final]
	at org.hibernate.engine.jdbc.spi.SqlExceptionHelper.convert(SqlExceptionHelper.java:108) ~[hibernate-core-6.4.4.Final.jar!/:6.4.4.Final]
	at org.hibernate.engine.jdbc.spi.SqlExceptionHelper.convert(SqlExceptionHelper.java:94) ~[hibernate-core-6.4.4.Final.jar!/:6.4.4.Final]
	at org.hibernate.sql.results.jdbc.internal.DeferredResultSetAccess.executeQuery(DeferredResultSetAccess.java:265) ~[hibernate-core-6.4.4.Final.jar!/:6.4.4.Final]
	at org.hibernate.sql.results.jdbc.internal.DeferredResultSetAccess.getResultSet(DeferredResultSetAccess.java:167) ~[hibernate-core-6.4.4.Final.jar!/:6.4.4.Final]
	at org.hibernate.sql.results.jdbc.internal.JdbcValuesResultSetImpl.advanceNext(JdbcValuesResultSetImpl.java:218) ~[hibernate-core-6.4.4.Final.jar!/:6.4.4.Final]
	at org.hibernate.sql.results.jdbc.internal.JdbcValuesResultSetImpl.processNext(JdbcValuesResultSetImpl.java:98) ~[hibernate-core-6.4.4.Final.jar!/:6.4.4.Final]
	at org.hibernate.sql.results.jdbc.internal.AbstractJdbcValues.next(AbstractJdbcValues.java:19) ~[hibernate-core-6.4.4.Final.jar!/:6.4.4.Final]
	at org.hibernate.sql.results.internal.RowProcessingStateStandardImpl.next(RowProcessingStateStandardImpl.java:66) ~[hibernate-core-6.4.4.Final.jar!/:6.4.4.Final]
	at org.hibernate.sql.results.spi.ListResultsConsumer.consume(ListResultsConsumer.java:202) ~[hibernate-core-6.4.4.Final.jar!/:6.4.4.Final]
	at org.hibernate.sql.results.spi.ListResultsConsumer.consume(ListResultsConsumer.java:33) ~[hibernate-core-6.4.4.Final.jar!/:6.4.4.Final]
	at org.hibernate.sql.exec.internal.JdbcSelectExecutorStandardImpl.doExecuteQuery(JdbcSelectExecutorStandardImpl.java:209) ~[hibernate-core-6.4.4.Final.jar!/:6.4.4.Final]
	at org.hibernate.sql.exec.internal.JdbcSelectExecutorStandardImpl.executeQuery(JdbcSelectExecutorStandardImpl.java:83) ~[hibernate-core-6.4.4.Final.jar!/:6.4.4.Final]
	at org.hibernate.sql.exec.spi.JdbcSelectExecutor.list(JdbcSelectExecutor.java:76) ~[hibernate-core-6.4.4.Final.jar!/:6.4.4.Final]
	at org.hibernate.sql.exec.spi.JdbcSelectExecutor.list(JdbcSelectExecutor.java:65) ~[hibernate-core-6.4.4.Final.jar!/:6.4.4.Final]
	at org.hibernate.query.sqm.internal.ConcreteSqmSelectQueryPlan.lambda$new$2(ConcreteSqmSelectQueryPlan.java:137) ~[hibernate-core-6.4.4.Final.jar!/:6.4.4.Final]
	at org.hibernate.query.sqm.internal.ConcreteSqmSelectQueryPlan.withCacheableSqmInterpretation(ConcreteSqmSelectQueryPlan.java:362) ~[hibernate-core-6.4.4.Final.jar!/:6.4.4.Final]
	at org.hibernate.query.sqm.internal.ConcreteSqmSelectQueryPlan.performList(ConcreteSqmSelectQueryPlan.java:303) ~[hibernate-core-6.4.4.Final.jar!/:6.4.4.Final]
	at org.hibernate.query.sqm.internal.QuerySqmImpl.doList(QuerySqmImpl.java:509) ~[hibernate-core-6.4.4.Final.jar!/:6.4.4.Final]
	at org.hibernate.query.spi.AbstractSelectionQuery.list(AbstractSelectionQuery.java:427) ~[hibernate-core-6.4.4.Final.jar!/:6.4.4.Final]
	at org.hibernate.query.Query.getResultList(Query.java:120) ~[hibernate-core-6.4.4.Final.jar!/:6.4.4.Final]
	at java.base/jdk.internal.reflect.DirectMethodHandleAccessor.invoke(DirectMethodHandleAccessor.java:104) ~[na:na]
	at java.base/java.lang.reflect.Method.invoke(Method.java:565) ~[na:na]
	at org.springframework.orm.jpa.SharedEntityManagerCreator$DeferredQueryInvocationHandler.invoke(SharedEntityManagerCreator.java:415) ~[spring-orm-6.1.6.jar!/:6.1.6]
	at jdk.proxy2/jdk.proxy2.$Proxy157.getResultList(Unknown Source) ~[na:na]
	at org.springframework.data.jpa.repository.query.JpaQueryExecution$CollectionExecution.doExecute(JpaQueryExecution.java:129) ~[spring-data-jpa-3.2.5.jar!/:3.2.5]
	at org.springframework.data.jpa.repository.query.JpaQueryExecution.execute(JpaQueryExecution.java:92) ~[spring-data-jpa-3.2.5.jar!/:3.2.5]
	at org.springframework.data.jpa.repository.query.AbstractJpaQuery.doExecute(AbstractJpaQuery.java:149) ~[spring-data-jpa-3.2.5.jar!/:3.2.5]
	at org.springframework.data.jpa.repository.query.AbstractJpaQuery.execute(AbstractJpaQuery.java:137) ~[spring-data-jpa-3.2.5.jar!/:3.2.5]
	at org.springframework.data.repository.core.support.RepositoryMethodInvoker.doInvoke(RepositoryMethodInvoker.java:170) ~[spring-data-commons-3.2.5.jar!/:3.2.5]
	at org.springframework.data.repository.core.support.RepositoryMethodInvoker.invoke(RepositoryMethodInvoker.java:158) ~[spring-data-commons-3.2.5.jar!/:3.2.5]
	at org.springframework.data.repository.core.support.QueryExecutorMethodInterceptor.doInvoke(QueryExecutorMethodInterceptor.java:164) ~[spring-data-commons-3.2.5.jar!/:3.2.5]
	at org.springframework.data.repository.core.support.QueryExecutorMethodInterceptor.invoke(QueryExecutorMethodInterceptor.java:143) ~[spring-data-commons-3.2.5.jar!/:3.2.5]
	at org.springframework.aop.framework.ReflectiveMethodInvocation.proceed(ReflectiveMethodInvocation.java:184) ~[spring-aop-6.1.6.jar!/:6.1.6]
	at org.springframework.data.projection.DefaultMethodInvokingMethodInterceptor.invoke(DefaultMethodInvokingMethodInterceptor.java:70) ~[spring-data-commons-3.2.5.jar!/:3.2.5]
	at org.springframework.aop.framework.ReflectiveMethodInvocation.proceed(ReflectiveMethodInvocation.java:184) ~[spring-aop-6.1.6.jar!/:6.1.6]
	at org.springframework.transaction.interceptor.TransactionInterceptor$1.proceedWithInvocation(TransactionInterceptor.java:123) ~[spring-tx-6.1.6.jar!/:6.1.6]
	at org.springframework.transaction.interceptor.TransactionAspectSupport.invokeWithinTransaction(TransactionAspectSupport.java:392) ~[spring-tx-6.1.6.jar!/:6.1.6]
	at org.springframework.transaction.interceptor.TransactionInterceptor.invoke(TransactionInterceptor.java:119) ~[spring-tx-6.1.6.jar!/:6.1.6]
	at org.springframework.aop.framework.ReflectiveMethodInvocation.proceed(ReflectiveMethodInvocation.java:184) ~[spring-aop-6.1.6.jar!/:6.1.6]
	at org.springframework.dao.support.PersistenceExceptionTranslationInterceptor.invoke(PersistenceExceptionTranslationInterceptor.java:137) ~[spring-tx-6.1.6.jar!/:6.1.6]
	... 21 common frames omitted
Caused by: java.sql.SQLSyntaxErrorException: Table 'railway.auction_sessions' doesn't exist
	at com.mysql.cj.jdbc.exceptions.SQLError.createSQLException(SQLError.java:121) ~[mysql-connector-j-8.3.0.jar!/:8.3.0]
	at com.mysql.cj.jdbc.exceptions.SQLExceptionsMapping.translateException(SQLExceptionsMapping.java:122) ~[mysql-connector-j-8.3.0.jar!/:8.3.0]
	at com.mysql.cj.jdbc.ClientPreparedStatement.executeInternal(ClientPreparedStatement.java:912) ~[mysql-connector-j-8.3.0.jar!/:8.3.0]
	at com.mysql.cj.jdbc.ClientPreparedStatement.executeQuery(ClientPreparedStatement.java:968) ~[mysql-connector-j-8.3.0.jar!/:8.3.0]
	at com.zaxxer.hikari.pool.ProxyPreparedStatement.executeQuery(ProxyPreparedStatement.java:52) ~[HikariCP-5.0.1.jar!/:na]
	at com.zaxxer.hikari.pool.HikariProxyPreparedStatement.executeQuery(HikariProxyPreparedStatement.java) ~[HikariCP-5.0.1.jar!/:na]
	at org.hibernate.sql.results.jdbc.internal.DeferredResultSetAccess.executeQuery(DeferredResultSetAccess.java:246) ~[hibernate-core-6.4.4.Final.jar!/:6.4.4.Final]
	... 58 common frames omitted

2026-05-26T00:31:16.898+07:00  WARN 15700 --- [auctionweb] [auction-sched-2] o.h.engine.jdbc.spi.SqlExceptionHelper   : SQL Error: 1146, SQLState: 42S02
2026-05-26T00:31:16.898+07:00 ERROR 15700 --- [auctionweb] [auction-sched-2] o.h.engine.jdbc.spi.SqlExceptionHelper   : Table 'railway.auction_sessions' doesn't exist
2026-05-26T00:31:16.899+07:00 ERROR 15700 --- [auctionweb] [auction-sched-2] o.s.s.s.TaskUtils$LoggingErrorHandler    : Unexpected error occurred in scheduled task

org.springframework.dao.InvalidDataAccessResourceUsageException: JDBC exception executing SQL [select a1_0.id,a1_0.bid_count,a1_0.category,a1_0.created_at,a1_0.current_price,a1_0.description,a1_0.end_time,a1_0.item_id,a1_0.seller_id,a1_0.start_time,a1_0.starting_price,a1_0.status,a1_0.title,a1_0.updated_at,a1_0.version,a1_0.winner_id from auction_sessions a1_0 where a1_0.status=? and a1_0.end_time<?] [Table 'railway.auction_sessions' doesn't exist] [n/a]; SQL [n/a]
	at org.springframework.orm.jpa.vendor.HibernateJpaDialect.convertHibernateAccessException(HibernateJpaDialect.java:277) ~[spring-orm-6.1.6.jar!/:6.1.6]
	at org.springframework.orm.jpa.vendor.HibernateJpaDialect.translateExceptionIfPossible(HibernateJpaDialect.java:241) ~[spring-orm-6.1.6.jar!/:6.1.6]
	at org.springframework.orm.jpa.AbstractEntityManagerFactoryBean.translateExceptionIfPossible(AbstractEntityManagerFactoryBean.java:550) ~[spring-orm-6.1.6.jar!/:6.1.6]
	at org.springframework.dao.support.ChainedPersistenceExceptionTranslator.translateExceptionIfPossible(ChainedPersistenceExceptionTranslator.java:61) ~[spring-tx-6.1.6.jar!/:6.1.6]
	at org.springframework.dao.support.DataAccessUtils.translateIfNecessary(DataAccessUtils.java:335) ~[spring-tx-6.1.6.jar!/:6.1.6]
	at org.springframework.dao.support.PersistenceExceptionTranslationInterceptor.invoke(PersistenceExceptionTranslationInterceptor.java:152) ~[spring-tx-6.1.6.jar!/:6.1.6]
	at org.springframework.aop.framework.ReflectiveMethodInvocation.proceed(ReflectiveMethodInvocation.java:184) ~[spring-aop-6.1.6.jar!/:6.1.6]
	at org.springframework.data.jpa.repository.support.CrudMethodMetadataPostProcessor$CrudMethodMetadataPopulatingMethodInterceptor.invoke(CrudMethodMetadataPostProcessor.java:135) ~[spring-data-jpa-3.2.5.jar!/:3.2.5]
	at org.springframework.aop.framework.ReflectiveMethodInvocation.proceed(ReflectiveMethodInvocation.java:184) ~[spring-aop-6.1.6.jar!/:6.1.6]
	at org.springframework.aop.interceptor.ExposeInvocationInterceptor.invoke(ExposeInvocationInterceptor.java:97) ~[spring-aop-6.1.6.jar!/:6.1.6]
	at org.springframework.aop.framework.ReflectiveMethodInvocation.proceed(ReflectiveMethodInvocation.java:184) ~[spring-aop-6.1.6.jar!/:6.1.6]
	at org.springframework.aop.framework.JdkDynamicAopProxy.invoke(JdkDynamicAopProxy.java:223) ~[spring-aop-6.1.6.jar!/:6.1.6]
	at jdk.proxy2/jdk.proxy2.$Proxy143.findByStatusAndEndTimeBefore(Unknown Source) ~[na:na]
	at com.nhom4project.auctionweb.backend.service.AuctionScheduler.checkExpiredAuctions(AuctionScheduler.java:43) ~[!/:0.0.1-SNAPSHOT]
	at java.base/jdk.internal.reflect.DirectMethodHandleAccessor.invoke(DirectMethodHandleAccessor.java:104) ~[na:na]
	at java.base/java.lang.reflect.Method.invoke(Method.java:565) ~[na:na]
	at org.springframework.scheduling.support.ScheduledMethodRunnable.runInternal(ScheduledMethodRunnable.java:130) ~[spring-context-6.1.6.jar!/:6.1.6]
	at org.springframework.scheduling.support.ScheduledMethodRunnable.lambda$run$2(ScheduledMethodRunnable.java:124) ~[spring-context-6.1.6.jar!/:6.1.6]
	at io.micrometer.observation.Observation.observe(Observation.java:499) ~[micrometer-observation-1.12.5.jar!/:1.12.5]
	at org.springframework.scheduling.support.ScheduledMethodRunnable.run(ScheduledMethodRunnable.java:124) ~[spring-context-6.1.6.jar!/:6.1.6]
	at org.springframework.scheduling.support.DelegatingErrorHandlingRunnable.run(DelegatingErrorHandlingRunnable.java:54) ~[spring-context-6.1.6.jar!/:6.1.6]
	at java.base/java.util.concurrent.Executors$RunnableAdapter.call(Executors.java:545) ~[na:na]
	at java.base/java.util.concurrent.FutureTask.runAndReset(FutureTask.java:369) ~[na:na]
	at java.base/java.util.concurrent.ScheduledThreadPoolExecutor$ScheduledFutureTask.run(ScheduledThreadPoolExecutor.java:310) ~[na:na]
	at java.base/java.util.concurrent.ThreadPoolExecutor.runWorker(ThreadPoolExecutor.java:1090) ~[na:na]
	at java.base/java.util.concurrent.ThreadPoolExecutor$Worker.run(ThreadPoolExecutor.java:614) ~[na:na]
	at java.base/java.lang.Thread.run(Thread.java:1474) ~[na:na]
Caused by: org.hibernate.exception.SQLGrammarException: JDBC exception executing SQL [select a1_0.id,a1_0.bid_count,a1_0.category,a1_0.created_at,a1_0.current_price,a1_0.description,a1_0.end_time,a1_0.item_id,a1_0.seller_id,a1_0.start_time,a1_0.starting_price,a1_0.status,a1_0.title,a1_0.updated_at,a1_0.version,a1_0.winner_id from auction_sessions a1_0 where a1_0.status=? and a1_0.end_time<?] [Table 'railway.auction_sessions' doesn't exist] [n/a]
	at org.hibernate.exception.internal.SQLExceptionTypeDelegate.convert(SQLExceptionTypeDelegate.java:66) ~[hibernate-core-6.4.4.Final.jar!/:6.4.4.Final]
	at org.hibernate.exception.internal.StandardSQLExceptionConverter.convert(StandardSQLExceptionConverter.java:58) ~[hibernate-core-6.4.4.Final.jar!/:6.4.4.Final]
	at org.hibernate.engine.jdbc.spi.SqlExceptionHelper.convert(SqlExceptionHelper.java:108) ~[hibernate-core-6.4.4.Final.jar!/:6.4.4.Final]
	at org.hibernate.engine.jdbc.spi.SqlExceptionHelper.convert(SqlExceptionHelper.java:94) ~[hibernate-core-6.4.4.Final.jar!/:6.4.4.Final]
	at org.hibernate.sql.results.jdbc.internal.DeferredResultSetAccess.executeQuery(DeferredResultSetAccess.java:265) ~[hibernate-core-6.4.4.Final.jar!/:6.4.4.Final]
	at org.hibernate.sql.results.jdbc.internal.DeferredResultSetAccess.getResultSet(DeferredResultSetAccess.java:167) ~[hibernate-core-6.4.4.Final.jar!/:6.4.4.Final]
	at org.hibernate.sql.results.jdbc.internal.JdbcValuesResultSetImpl.advanceNext(JdbcValuesResultSetImpl.java:218) ~[hibernate-core-6.4.4.Final.jar!/:6.4.4.Final]
	at org.hibernate.sql.results.jdbc.internal.JdbcValuesResultSetImpl.processNext(JdbcValuesResultSetImpl.java:98) ~[hibernate-core-6.4.4.Final.jar!/:6.4.4.Final]
	at org.hibernate.sql.results.jdbc.internal.AbstractJdbcValues.next(AbstractJdbcValues.java:19) ~[hibernate-core-6.4.4.Final.jar!/:6.4.4.Final]
	at org.hibernate.sql.results.internal.RowProcessingStateStandardImpl.next(RowProcessingStateStandardImpl.java:66) ~[hibernate-core-6.4.4.Final.jar!/:6.4.4.Final]
	at org.hibernate.sql.results.spi.ListResultsConsumer.consume(ListResultsConsumer.java:202) ~[hibernate-core-6.4.4.Final.jar!/:6.4.4.Final]
	at org.hibernate.sql.results.spi.ListResultsConsumer.consume(ListResultsConsumer.java:33) ~[hibernate-core-6.4.4.Final.jar!/:6.4.4.Final]
	at org.hibernate.sql.exec.internal.JdbcSelectExecutorStandardImpl.doExecuteQuery(JdbcSelectExecutorStandardImpl.java:209) ~[hibernate-core-6.4.4.Final.jar!/:6.4.4.Final]
	at org.hibernate.sql.exec.internal.JdbcSelectExecutorStandardImpl.executeQuery(JdbcSelectExecutorStandardImpl.java:83) ~[hibernate-core-6.4.4.Final.jar!/:6.4.4.Final]
	at org.hibernate.sql.exec.spi.JdbcSelectExecutor.list(JdbcSelectExecutor.java:76) ~[hibernate-core-6.4.4.Final.jar!/:6.4.4.Final]
	at org.hibernate.sql.exec.spi.JdbcSelectExecutor.list(JdbcSelectExecutor.java:65) ~[hibernate-core-6.4.4.Final.jar!/:6.4.4.Final]
	at org.hibernate.query.sqm.internal.ConcreteSqmSelectQueryPlan.lambda$new$2(ConcreteSqmSelectQueryPlan.java:137) ~[hibernate-core-6.4.4.Final.jar!/:6.4.4.Final]
	at org.hibernate.query.sqm.internal.ConcreteSqmSelectQueryPlan.withCacheableSqmInterpretation(ConcreteSqmSelectQueryPlan.java:362) ~[hibernate-core-6.4.4.Final.jar!/:6.4.4.Final]
	at org.hibernate.query.sqm.internal.ConcreteSqmSelectQueryPlan.performList(ConcreteSqmSelectQueryPlan.java:303) ~[hibernate-core-6.4.4.Final.jar!/:6.4.4.Final]
	at org.hibernate.query.sqm.internal.QuerySqmImpl.doList(QuerySqmImpl.java:509) ~[hibernate-core-6.4.4.Final.jar!/:6.4.4.Final]
	at org.hibernate.query.spi.AbstractSelectionQuery.list(AbstractSelectionQuery.java:427) ~[hibernate-core-6.4.4.Final.jar!/:6.4.4.Final]
	at org.hibernate.query.Query.getResultList(Query.java:120) ~[hibernate-core-6.4.4.Final.jar!/:6.4.4.Final]
	at java.base/jdk.internal.reflect.DirectMethodHandleAccessor.invoke(DirectMethodHandleAccessor.java:104) ~[na:na]
	at java.base/java.lang.reflect.Method.invoke(Method.java:565) ~[na:na]
	at org.springframework.orm.jpa.SharedEntityManagerCreator$DeferredQueryInvocationHandler.invoke(SharedEntityManagerCreator.java:415) ~[spring-orm-6.1.6.jar!/:6.1.6]
	at jdk.proxy2/jdk.proxy2.$Proxy157.getResultList(Unknown Source) ~[na:na]
	at org.springframework.data.jpa.repository.query.JpaQueryExecution$CollectionExecution.doExecute(JpaQueryExecution.java:129) ~[spring-data-jpa-3.2.5.jar!/:3.2.5]
	at org.springframework.data.jpa.repository.query.JpaQueryExecution.execute(JpaQueryExecution.java:92) ~[spring-data-jpa-3.2.5.jar!/:3.2.5]
	at org.springframework.data.jpa.repository.query.AbstractJpaQuery.doExecute(AbstractJpaQuery.java:149) ~[spring-data-jpa-3.2.5.jar!/:3.2.5]
	at org.springframework.data.jpa.repository.query.AbstractJpaQuery.execute(AbstractJpaQuery.java:137) ~[spring-data-jpa-3.2.5.jar!/:3.2.5]
	at org.springframework.data.repository.core.support.RepositoryMethodInvoker.doInvoke(RepositoryMethodInvoker.java:170) ~[spring-data-commons-3.2.5.jar!/:3.2.5]
	at org.springframework.data.repository.core.support.RepositoryMethodInvoker.invoke(RepositoryMethodInvoker.java:158) ~[spring-data-commons-3.2.5.jar!/:3.2.5]
	at org.springframework.data.repository.core.support.QueryExecutorMethodInterceptor.doInvoke(QueryExecutorMethodInterceptor.java:164) ~[spring-data-commons-3.2.5.jar!/:3.2.5]
	at org.springframework.data.repository.core.support.QueryExecutorMethodInterceptor.invoke(QueryExecutorMethodInterceptor.java:143) ~[spring-data-commons-3.2.5.jar!/:3.2.5]
	at org.springframework.aop.framework.ReflectiveMethodInvocation.proceed(ReflectiveMethodInvocation.java:184) ~[spring-aop-6.1.6.jar!/:6.1.6]
	at org.springframework.data.projection.DefaultMethodInvokingMethodInterceptor.invoke(DefaultMethodInvokingMethodInterceptor.java:70) ~[spring-data-commons-3.2.5.jar!/:3.2.5]
	at org.springframework.aop.framework.ReflectiveMethodInvocation.proceed(ReflectiveMethodInvocation.java:184) ~[spring-aop-6.1.6.jar!/:6.1.6]
	at org.springframework.transaction.interceptor.TransactionInterceptor$1.proceedWithInvocation(TransactionInterceptor.java:123) ~[spring-tx-6.1.6.jar!/:6.1.6]
	at org.springframework.transaction.interceptor.TransactionAspectSupport.invokeWithinTransaction(TransactionAspectSupport.java:392) ~[spring-tx-6.1.6.jar!/:6.1.6]
	at org.springframework.transaction.interceptor.TransactionInterceptor.invoke(TransactionInterceptor.java:119) ~[spring-tx-6.1.6.jar!/:6.1.6]
	at org.springframework.aop.framework.ReflectiveMethodInvocation.proceed(ReflectiveMethodInvocation.java:184) ~[spring-aop-6.1.6.jar!/:6.1.6]
	at org.springframework.dao.support.PersistenceExceptionTranslationInterceptor.invoke(PersistenceExceptionTranslationInterceptor.java:137) ~[spring-tx-6.1.6.jar!/:6.1.6]
	... 21 common frames omitted
Caused by: java.sql.SQLSyntaxErrorException: Table 'railway.auction_sessions' doesn't exist
	at com.mysql.cj.jdbc.exceptions.SQLError.createSQLException(SQLError.java:121) ~[mysql-connector-j-8.3.0.jar!/:8.3.0]
	at com.mysql.cj.jdbc.exceptions.SQLExceptionsMapping.translateException(SQLExceptionsMapping.java:122) ~[mysql-connector-j-8.3.0.jar!/:8.3.0]
	at com.mysql.cj.jdbc.ClientPreparedStatement.executeInternal(ClientPreparedStatement.java:912) ~[mysql-connector-j-8.3.0.jar!/:8.3.0]
	at com.mysql.cj.jdbc.ClientPreparedStatement.executeQuery(ClientPreparedStatement.java:968) ~[mysql-connector-j-8.3.0.jar!/:8.3.0]
	at com.zaxxer.hikari.pool.ProxyPreparedStatement.executeQuery(ProxyPreparedStatement.java:52) ~[HikariCP-5.0.1.jar!/:na]
	at com.zaxxer.hikari.pool.HikariProxyPreparedStatement.executeQuery(HikariProxyPreparedStatement.java) ~[HikariCP-5.0.1.jar!/:na]
	at org.hibernate.sql.results.jdbc.internal.DeferredResultSetAccess.executeQuery(DeferredResultSetAccess.java:246) ~[hibernate-core-6.4.4.Final.jar!/:6.4.4.Final]
	... 58 common frames omitted

2026-05-26T00:31:21.874+07:00  WARN 15700 --- [auctionweb] [auction-sched-2] o.h.engine.jdbc.spi.SqlExceptionHelper   : SQL Error: 1146, SQLState: 42S02
2026-05-26T00:31:21.874+07:00 ERROR 15700 --- [auctionweb] [auction-sched-2] o.h.engine.jdbc.spi.SqlExceptionHelper   : Table 'railway.auction_sessions' doesn't exist
2026-05-26T00:31:21.875+07:00 ERROR 15700 --- [auctionweb] [auction-sched-2] o.s.s.s.TaskUtils$LoggingErrorHandler    : Unexpected error occurred in scheduled task

org.springframework.dao.InvalidDataAccessResourceUsageException: JDBC exception executing SQL [select a1_0.id,a1_0.bid_count,a1_0.category,a1_0.created_at,a1_0.current_price,a1_0.description,a1_0.end_time,a1_0.item_id,a1_0.seller_id,a1_0.start_time,a1_0.starting_price,a1_0.status,a1_0.title,a1_0.updated_at,a1_0.version,a1_0.winner_id from auction_sessions a1_0 where a1_0.status=? and a1_0.end_time<?] [Table 'railway.auction_sessions' doesn't exist] [n/a]; SQL [n/a]
	at org.springframework.orm.jpa.vendor.HibernateJpaDialect.convertHibernateAccessException(HibernateJpaDialect.java:277) ~[spring-orm-6.1.6.jar!/:6.1.6]
	at org.springframework.orm.jpa.vendor.HibernateJpaDialect.translateExceptionIfPossible(HibernateJpaDialect.java:241) ~[spring-orm-6.1.6.jar!/:6.1.6]
	at org.springframework.orm.jpa.AbstractEntityManagerFactoryBean.translateExceptionIfPossible(AbstractEntityManagerFactoryBean.java:550) ~[spring-orm-6.1.6.jar!/:6.1.6]
	at org.springframework.dao.support.ChainedPersistenceExceptionTranslator.translateExceptionIfPossible(ChainedPersistenceExceptionTranslator.java:61) ~[spring-tx-6.1.6.jar!/:6.1.6]
	at org.springframework.dao.support.DataAccessUtils.translateIfNecessary(DataAccessUtils.java:335) ~[spring-tx-6.1.6.jar!/:6.1.6]
	at org.springframework.dao.support.PersistenceExceptionTranslationInterceptor.invoke(PersistenceExceptionTranslationInterceptor.java:152) ~[spring-tx-6.1.6.jar!/:6.1.6]
	at org.springframework.aop.framework.ReflectiveMethodInvocation.proceed(ReflectiveMethodInvocation.java:184) ~[spring-aop-6.1.6.jar!/:6.1.6]
	at org.springframework.data.jpa.repository.support.CrudMethodMetadataPostProcessor$CrudMethodMetadataPopulatingMethodInterceptor.invoke(CrudMethodMetadataPostProcessor.java:135) ~[spring-data-jpa-3.2.5.jar!/:3.2.5]
	at org.springframework.aop.framework.ReflectiveMethodInvocation.proceed(ReflectiveMethodInvocation.java:184) ~[spring-aop-6.1.6.jar!/:6.1.6]
	at org.springframework.aop.interceptor.ExposeInvocationInterceptor.invoke(ExposeInvocationInterceptor.java:97) ~[spring-aop-6.1.6.jar!/:6.1.6]
	at org.springframework.aop.framework.ReflectiveMethodInvocation.proceed(ReflectiveMethodInvocation.java:184) ~[spring-aop-6.1.6.jar!/:6.1.6]
	at org.springframework.aop.framework.JdkDynamicAopProxy.invoke(JdkDynamicAopProxy.java:223) ~[spring-aop-6.1.6.jar!/:6.1.6]
	at jdk.proxy2/jdk.proxy2.$Proxy143.findByStatusAndEndTimeBefore(Unknown Source) ~[na:na]
	at com.nhom4project.auctionweb.backend.service.AuctionScheduler.checkExpiredAuctions(AuctionScheduler.java:43) ~[!/:0.0.1-SNAPSHOT]
	at java.base/jdk.internal.reflect.DirectMethodHandleAccessor.invoke(DirectMethodHandleAccessor.java:104) ~[na:na]
	at java.base/java.lang.reflect.Method.invoke(Method.java:565) ~[na:na]
	at org.springframework.scheduling.support.ScheduledMethodRunnable.runInternal(ScheduledMethodRunnable.java:130) ~[spring-context-6.1.6.jar!/:6.1.6]
	at org.springframework.scheduling.support.ScheduledMethodRunnable.lambda$run$2(ScheduledMethodRunnable.java:124) ~[spring-context-6.1.6.jar!/:6.1.6]
	at io.micrometer.observation.Observation.observe(Observation.java:499) ~[micrometer-observation-1.12.5.jar!/:1.12.5]
	at org.springframework.scheduling.support.ScheduledMethodRunnable.run(ScheduledMethodRunnable.java:124) ~[spring-context-6.1.6.jar!/:6.1.6]
	at org.springframework.scheduling.support.DelegatingErrorHandlingRunnable.run(DelegatingErrorHandlingRunnable.java:54) ~[spring-context-6.1.6.jar!/:6.1.6]
	at java.base/java.util.concurrent.Executors$RunnableAdapter.call(Executors.java:545) ~[na:na]
	at java.base/java.util.concurrent.FutureTask.runAndReset(FutureTask.java:369) ~[na:na]
	at java.base/java.util.concurrent.ScheduledThreadPoolExecutor$ScheduledFutureTask.run(ScheduledThreadPoolExecutor.java:310) ~[na:na]
	at java.base/java.util.concurrent.ThreadPoolExecutor.runWorker(ThreadPoolExecutor.java:1090) ~[na:na]
	at java.base/java.util.concurrent.ThreadPoolExecutor$Worker.run(ThreadPoolExecutor.java:614) ~[na:na]
	at java.base/java.lang.Thread.run(Thread.java:1474) ~[na:na]
Caused by: org.hibernate.exception.SQLGrammarException: JDBC exception executing SQL [select a1_0.id,a1_0.bid_count,a1_0.category,a1_0.created_at,a1_0.current_price,a1_0.description,a1_0.end_time,a1_0.item_id,a1_0.seller_id,a1_0.start_time,a1_0.starting_price,a1_0.status,a1_0.title,a1_0.updated_at,a1_0.version,a1_0.winner_id from auction_sessions a1_0 where a1_0.status=? and a1_0.end_time<?] [Table 'railway.auction_sessions' doesn't exist] [n/a]
	at org.hibernate.exception.internal.SQLExceptionTypeDelegate.convert(SQLExceptionTypeDelegate.java:66) ~[hibernate-core-6.4.4.Final.jar!/:6.4.4.Final]
	at org.hibernate.exception.internal.StandardSQLExceptionConverter.convert(StandardSQLExceptionConverter.java:58) ~[hibernate-core-6.4.4.Final.jar!/:6.4.4.Final]
	at org.hibernate.engine.jdbc.spi.SqlExceptionHelper.convert(SqlExceptionHelper.java:108) ~[hibernate-core-6.4.4.Final.jar!/:6.4.4.Final]
	at org.hibernate.engine.jdbc.spi.SqlExceptionHelper.convert(SqlExceptionHelper.java:94) ~[hibernate-core-6.4.4.Final.jar!/:6.4.4.Final]
	at org.hibernate.sql.results.jdbc.internal.DeferredResultSetAccess.executeQuery(DeferredResultSetAccess.java:265) ~[hibernate-core-6.4.4.Final.jar!/:6.4.4.Final]
	at org.hibernate.sql.results.jdbc.internal.DeferredResultSetAccess.getResultSet(DeferredResultSetAccess.java:167) ~[hibernate-core-6.4.4.Final.jar!/:6.4.4.Final]
	at org.hibernate.sql.results.jdbc.internal.JdbcValuesResultSetImpl.advanceNext(JdbcValuesResultSetImpl.java:218) ~[hibernate-core-6.4.4.Final.jar!/:6.4.4.Final]
	at org.hibernate.sql.results.jdbc.internal.JdbcValuesResultSetImpl.processNext(JdbcValuesResultSetImpl.java:98) ~[hibernate-core-6.4.4.Final.jar!/:6.4.4.Final]
	at org.hibernate.sql.results.jdbc.internal.AbstractJdbcValues.next(AbstractJdbcValues.java:19) ~[hibernate-core-6.4.4.Final.jar!/:6.4.4.Final]
	at org.hibernate.sql.results.internal.RowProcessingStateStandardImpl.next(RowProcessingStateStandardImpl.java:66) ~[hibernate-core-6.4.4.Final.jar!/:6.4.4.Final]
	at org.hibernate.sql.results.spi.ListResultsConsumer.consume(ListResultsConsumer.java:202) ~[hibernate-core-6.4.4.Final.jar!/:6.4.4.Final]
	at org.hibernate.sql.results.spi.ListResultsConsumer.consume(ListResultsConsumer.java:33) ~[hibernate-core-6.4.4.Final.jar!/:6.4.4.Final]
	at org.hibernate.sql.exec.internal.JdbcSelectExecutorStandardImpl.doExecuteQuery(JdbcSelectExecutorStandardImpl.java:209) ~[hibernate-core-6.4.4.Final.jar!/:6.4.4.Final]
	at org.hibernate.sql.exec.internal.JdbcSelectExecutorStandardImpl.executeQuery(JdbcSelectExecutorStandardImpl.java:83) ~[hibernate-core-6.4.4.Final.jar!/:6.4.4.Final]
	at org.hibernate.sql.exec.spi.JdbcSelectExecutor.list(JdbcSelectExecutor.java:76) ~[hibernate-core-6.4.4.Final.jar!/:6.4.4.Final]
	at org.hibernate.sql.exec.spi.JdbcSelectExecutor.list(JdbcSelectExecutor.java:65) ~[hibernate-core-6.4.4.Final.jar!/:6.4.4.Final]
	at org.hibernate.query.sqm.internal.ConcreteSqmSelectQueryPlan.lambda$new$2(ConcreteSqmSelectQueryPlan.java:137) ~[hibernate-core-6.4.4.Final.jar!/:6.4.4.Final]
	at org.hibernate.query.sqm.internal.ConcreteSqmSelectQueryPlan.withCacheableSqmInterpretation(ConcreteSqmSelectQueryPlan.java:362) ~[hibernate-core-6.4.4.Final.jar!/:6.4.4.Final]
	at org.hibernate.query.sqm.internal.ConcreteSqmSelectQueryPlan.performList(ConcreteSqmSelectQueryPlan.java:303) ~[hibernate-core-6.4.4.Final.jar!/:6.4.4.Final]
	at org.hibernate.query.sqm.internal.QuerySqmImpl.doList(QuerySqmImpl.java:509) ~[hibernate-core-6.4.4.Final.jar!/:6.4.4.Final]
	at org.hibernate.query.spi.AbstractSelectionQuery.list(AbstractSelectionQuery.java:427) ~[hibernate-core-6.4.4.Final.jar!/:6.4.4.Final]
	at org.hibernate.query.Query.getResultList(Query.java:120) ~[hibernate-core-6.4.4.Final.jar!/:6.4.4.Final]
	at java.base/jdk.internal.reflect.DirectMethodHandleAccessor.invoke(DirectMethodHandleAccessor.java:104) ~[na:na]
	at java.base/java.lang.reflect.Method.invoke(Method.java:565) ~[na:na]
	at org.springframework.orm.jpa.SharedEntityManagerCreator$DeferredQueryInvocationHandler.invoke(SharedEntityManagerCreator.java:415) ~[spring-orm-6.1.6.jar!/:6.1.6]
	at jdk.proxy2/jdk.proxy2.$Proxy157.getResultList(Unknown Source) ~[na:na]
	at org.springframework.data.jpa.repository.query.JpaQueryExecution$CollectionExecution.doExecute(JpaQueryExecution.java:129) ~[spring-data-jpa-3.2.5.jar!/:3.2.5]
	at org.springframework.data.jpa.repository.query.JpaQueryExecution.execute(JpaQueryExecution.java:92) ~[spring-data-jpa-3.2.5.jar!/:3.2.5]
	at org.springframework.data.jpa.repository.query.AbstractJpaQuery.doExecute(AbstractJpaQuery.java:149) ~[spring-data-jpa-3.2.5.jar!/:3.2.5]
	at org.springframework.data.jpa.repository.query.AbstractJpaQuery.execute(AbstractJpaQuery.java:137) ~[spring-data-jpa-3.2.5.jar!/:3.2.5]
	at org.springframework.data.repository.core.support.RepositoryMethodInvoker.doInvoke(RepositoryMethodInvoker.java:170) ~[spring-data-commons-3.2.5.jar!/:3.2.5]
	at org.springframework.data.repository.core.support.RepositoryMethodInvoker.invoke(RepositoryMethodInvoker.java:158) ~[spring-data-commons-3.2.5.jar!/:3.2.5]
	at org.springframework.data.repository.core.support.QueryExecutorMethodInterceptor.doInvoke(QueryExecutorMethodInterceptor.java:164) ~[spring-data-commons-3.2.5.jar!/:3.2.5]
	at org.springframework.data.repository.core.support.QueryExecutorMethodInterceptor.invoke(QueryExecutorMethodInterceptor.java:143) ~[spring-data-commons-3.2.5.jar!/:3.2.5]
	at org.springframework.aop.framework.ReflectiveMethodInvocation.proceed(ReflectiveMethodInvocation.java:184) ~[spring-aop-6.1.6.jar!/:6.1.6]
	at org.springframework.data.projection.DefaultMethodInvokingMethodInterceptor.invoke(DefaultMethodInvokingMethodInterceptor.java:70) ~[spring-data-commons-3.2.5.jar!/:3.2.5]
	at org.springframework.aop.framework.ReflectiveMethodInvocation.proceed(ReflectiveMethodInvocation.java:184) ~[spring-aop-6.1.6.jar!/:6.1.6]
	at org.springframework.transaction.interceptor.TransactionInterceptor$1.proceedWithInvocation(TransactionInterceptor.java:123) ~[spring-tx-6.1.6.jar!/:6.1.6]
	at org.springframework.transaction.interceptor.TransactionAspectSupport.invokeWithinTransaction(TransactionAspectSupport.java:392) ~[spring-tx-6.1.6.jar!/:6.1.6]
	at org.springframework.transaction.interceptor.TransactionInterceptor.invoke(TransactionInterceptor.java:119) ~[spring-tx-6.1.6.jar!/:6.1.6]
	at org.springframework.aop.framework.ReflectiveMethodInvocation.proceed(ReflectiveMethodInvocation.java:184) ~[spring-aop-6.1.6.jar!/:6.1.6]
	at org.springframework.dao.support.PersistenceExceptionTranslationInterceptor.invoke(PersistenceExceptionTranslationInterceptor.java:137) ~[spring-tx-6.1.6.jar!/:6.1.6]
	... 21 common frames omitted
Caused by: java.sql.SQLSyntaxErrorException: Table 'railway.auction_sessions' doesn't exist
	at com.mysql.cj.jdbc.exceptions.SQLError.createSQLException(SQLError.java:121) ~[mysql-connector-j-8.3.0.jar!/:8.3.0]
	at com.mysql.cj.jdbc.exceptions.SQLExceptionsMapping.translateException(SQLExceptionsMapping.java:122) ~[mysql-connector-j-8.3.0.jar!/:8.3.0]
	at com.mysql.cj.jdbc.ClientPreparedStatement.executeInternal(ClientPreparedStatement.java:912) ~[mysql-connector-j-8.3.0.jar!/:8.3.0]
	at com.mysql.cj.jdbc.ClientPreparedStatement.executeQuery(ClientPreparedStatement.java:968) ~[mysql-connector-j-8.3.0.jar!/:8.3.0]
	at com.zaxxer.hikari.pool.ProxyPreparedStatement.executeQuery(ProxyPreparedStatement.java:52) ~[HikariCP-5.0.1.jar!/:na]
	at com.zaxxer.hikari.pool.HikariProxyPreparedStatement.executeQuery(HikariProxyPreparedStatement.java) ~[HikariCP-5.0.1.jar!/:na]
	at org.hibernate.sql.results.jdbc.internal.DeferredResultSetAccess.executeQuery(DeferredResultSetAccess.java:246) ~[hibernate-core-6.4.4.Final.jar!/:6.4.4.Final]
	... 58 common frames omitted

2026-05-26T00:31:26.882+07:00  WARN 15700 --- [auctionweb] [auction-sched-2] o.h.engine.jdbc.spi.SqlExceptionHelper   : SQL Error: 1146, SQLState: 42S02
2026-05-26T00:31:26.883+07:00 ERROR 15700 --- [auctionweb] [auction-sched-2] o.h.engine.jdbc.spi.SqlExceptionHelper   : Table 'railway.auction_sessions' doesn't exist
2026-05-26T00:31:26.883+07:00 ERROR 15700 --- [auctionweb] [auction-sched-2] o.s.s.s.TaskUtils$LoggingErrorHandler    : Unexpected error occurred in scheduled task

org.springframework.dao.InvalidDataAccessResourceUsageException: JDBC exception executing SQL [select a1_0.id,a1_0.bid_count,a1_0.category,a1_0.created_at,a1_0.current_price,a1_0.description,a1_0.end_time,a1_0.item_id,a1_0.seller_id,a1_0.start_time,a1_0.starting_price,a1_0.status,a1_0.title,a1_0.updated_at,a1_0.version,a1_0.winner_id from auction_sessions a1_0 where a1_0.status=? and a1_0.end_time<?] [Table 'railway.auction_sessions' doesn't exist] [n/a]; SQL [n/a]
	at org.springframework.orm.jpa.vendor.HibernateJpaDialect.convertHibernateAccessException(HibernateJpaDialect.java:277) ~[spring-orm-6.1.6.jar!/:6.1.6]
	at org.springframework.orm.jpa.vendor.HibernateJpaDialect.translateExceptionIfPossible(HibernateJpaDialect.java:241) ~[spring-orm-6.1.6.jar!/:6.1.6]
	at org.springframework.orm.jpa.AbstractEntityManagerFactoryBean.translateExceptionIfPossible(AbstractEntityManagerFactoryBean.java:550) ~[spring-orm-6.1.6.jar!/:6.1.6]
	at org.springframework.dao.support.ChainedPersistenceExceptionTranslator.translateExceptionIfPossible(ChainedPersistenceExceptionTranslator.java:61) ~[spring-tx-6.1.6.jar!/:6.1.6]
	at org.springframework.dao.support.DataAccessUtils.translateIfNecessary(DataAccessUtils.java:335) ~[spring-tx-6.1.6.jar!/:6.1.6]
	at org.springframework.dao.support.PersistenceExceptionTranslationInterceptor.invoke(PersistenceExceptionTranslationInterceptor.java:152) ~[spring-tx-6.1.6.jar!/:6.1.6]
	at org.springframework.aop.framework.ReflectiveMethodInvocation.proceed(ReflectiveMethodInvocation.java:184) ~[spring-aop-6.1.6.jar!/:6.1.6]
	at org.springframework.data.jpa.repository.support.CrudMethodMetadataPostProcessor$CrudMethodMetadataPopulatingMethodInterceptor.invoke(CrudMethodMetadataPostProcessor.java:135) ~[spring-data-jpa-3.2.5.jar!/:3.2.5]
	at org.springframework.aop.framework.ReflectiveMethodInvocation.proceed(ReflectiveMethodInvocation.java:184) ~[spring-aop-6.1.6.jar!/:6.1.6]
	at org.springframework.aop.interceptor.ExposeInvocationInterceptor.invoke(ExposeInvocationInterceptor.java:97) ~[spring-aop-6.1.6.jar!/:6.1.6]
	at org.springframework.aop.framework.ReflectiveMethodInvocation.proceed(ReflectiveMethodInvocation.java:184) ~[spring-aop-6.1.6.jar!/:6.1.6]
	at org.springframework.aop.framework.JdkDynamicAopProxy.invoke(JdkDynamicAopProxy.java:223) ~[spring-aop-6.1.6.jar!/:6.1.6]
	at jdk.proxy2/jdk.proxy2.$Proxy143.findByStatusAndEndTimeBefore(Unknown Source) ~[na:na]
	at com.nhom4project.auctionweb.backend.service.AuctionScheduler.checkExpiredAuctions(AuctionScheduler.java:43) ~[!/:0.0.1-SNAPSHOT]
	at java.base/jdk.internal.reflect.DirectMethodHandleAccessor.invoke(DirectMethodHandleAccessor.java:104) ~[na:na]
	at java.base/java.lang.reflect.Method.invoke(Method.java:565) ~[na:na]
	at org.springframework.scheduling.support.ScheduledMethodRunnable.runInternal(ScheduledMethodRunnable.java:130) ~[spring-context-6.1.6.jar!/:6.1.6]
	at org.springframework.scheduling.support.ScheduledMethodRunnable.lambda$run$2(ScheduledMethodRunnable.java:124) ~[spring-context-6.1.6.jar!/:6.1.6]
	at io.micrometer.observation.Observation.observe(Observation.java:499) ~[micrometer-observation-1.12.5.jar!/:1.12.5]
	at org.springframework.scheduling.support.ScheduledMethodRunnable.run(ScheduledMethodRunnable.java:124) ~[spring-context-6.1.6.jar!/:6.1.6]
	at org.springframework.scheduling.support.DelegatingErrorHandlingRunnable.run(DelegatingErrorHandlingRunnable.java:54) ~[spring-context-6.1.6.jar!/:6.1.6]
	at java.base/java.util.concurrent.Executors$RunnableAdapter.call(Executors.java:545) ~[na:na]
	at java.base/java.util.concurrent.FutureTask.runAndReset(FutureTask.java:369) ~[na:na]
	at java.base/java.util.concurrent.ScheduledThreadPoolExecutor$ScheduledFutureTask.run(ScheduledThreadPoolExecutor.java:310) ~[na:na]
	at java.base/java.util.concurrent.ThreadPoolExecutor.runWorker(ThreadPoolExecutor.java:1090) ~[na:na]
	at java.base/java.util.concurrent.ThreadPoolExecutor$Worker.run(ThreadPoolExecutor.java:614) ~[na:na]
	at java.base/java.lang.Thread.run(Thread.java:1474) ~[na:na]
Caused by: org.hibernate.exception.SQLGrammarException: JDBC exception executing SQL [select a1_0.id,a1_0.bid_count,a1_0.category,a1_0.created_at,a1_0.current_price,a1_0.description,a1_0.end_time,a1_0.item_id,a1_0.seller_id,a1_0.start_time,a1_0.starting_price,a1_0.status,a1_0.title,a1_0.updated_at,a1_0.version,a1_0.winner_id from auction_sessions a1_0 where a1_0.status=? and a1_0.end_time<?] [Table 'railway.auction_sessions' doesn't exist] [n/a]
	at org.hibernate.exception.internal.SQLExceptionTypeDelegate.convert(SQLExceptionTypeDelegate.java:66) ~[hibernate-core-6.4.4.Final.jar!/:6.4.4.Final]
	at org.hibernate.exception.internal.StandardSQLExceptionConverter.convert(StandardSQLExceptionConverter.java:58) ~[hibernate-core-6.4.4.Final.jar!/:6.4.4.Final]
	at org.hibernate.engine.jdbc.spi.SqlExceptionHelper.convert(SqlExceptionHelper.java:108) ~[hibernate-core-6.4.4.Final.jar!/:6.4.4.Final]
	at org.hibernate.engine.jdbc.spi.SqlExceptionHelper.convert(SqlExceptionHelper.java:94) ~[hibernate-core-6.4.4.Final.jar!/:6.4.4.Final]
	at org.hibernate.sql.results.jdbc.internal.DeferredResultSetAccess.executeQuery(DeferredResultSetAccess.java:265) ~[hibernate-core-6.4.4.Final.jar!/:6.4.4.Final]
	at org.hibernate.sql.results.jdbc.internal.DeferredResultSetAccess.getResultSet(DeferredResultSetAccess.java:167) ~[hibernate-core-6.4.4.Final.jar!/:6.4.4.Final]
	at org.hibernate.sql.results.jdbc.internal.JdbcValuesResultSetImpl.advanceNext(JdbcValuesResultSetImpl.java:218) ~[hibernate-core-6.4.4.Final.jar!/:6.4.4.Final]
	at org.hibernate.sql.results.jdbc.internal.JdbcValuesResultSetImpl.processNext(JdbcValuesResultSetImpl.java:98) ~[hibernate-core-6.4.4.Final.jar!/:6.4.4.Final]
	at org.hibernate.sql.results.jdbc.internal.AbstractJdbcValues.next(AbstractJdbcValues.java:19) ~[hibernate-core-6.4.4.Final.jar!/:6.4.4.Final]
	at org.hibernate.sql.results.internal.RowProcessingStateStandardImpl.next(RowProcessingStateStandardImpl.java:66) ~[hibernate-core-6.4.4.Final.jar!/:6.4.4.Final]
	at org.hibernate.sql.results.spi.ListResultsConsumer.consume(ListResultsConsumer.java:202) ~[hibernate-core-6.4.4.Final.jar!/:6.4.4.Final]
	at org.hibernate.sql.results.spi.ListResultsConsumer.consume(ListResultsConsumer.java:33) ~[hibernate-core-6.4.4.Final.jar!/:6.4.4.Final]
	at org.hibernate.sql.exec.internal.JdbcSelectExecutorStandardImpl.doExecuteQuery(JdbcSelectExecutorStandardImpl.java:209) ~[hibernate-core-6.4.4.Final.jar!/:6.4.4.Final]
	at org.hibernate.sql.exec.internal.JdbcSelectExecutorStandardImpl.executeQuery(JdbcSelectExecutorStandardImpl.java:83) ~[hibernate-core-6.4.4.Final.jar!/:6.4.4.Final]
	at org.hibernate.sql.exec.spi.JdbcSelectExecutor.list(JdbcSelectExecutor.java:76) ~[hibernate-core-6.4.4.Final.jar!/:6.4.4.Final]
	at org.hibernate.sql.exec.spi.JdbcSelectExecutor.list(JdbcSelectExecutor.java:65) ~[hibernate-core-6.4.4.Final.jar!/:6.4.4.Final]
	at org.hibernate.query.sqm.internal.ConcreteSqmSelectQueryPlan.lambda$new$2(ConcreteSqmSelectQueryPlan.java:137) ~[hibernate-core-6.4.4.Final.jar!/:6.4.4.Final]
	at org.hibernate.query.sqm.internal.ConcreteSqmSelectQueryPlan.withCacheableSqmInterpretation(ConcreteSqmSelectQueryPlan.java:362) ~[hibernate-core-6.4.4.Final.jar!/:6.4.4.Final]
	at org.hibernate.query.sqm.internal.ConcreteSqmSelectQueryPlan.performList(ConcreteSqmSelectQueryPlan.java:303) ~[hibernate-core-6.4.4.Final.jar!/:6.4.4.Final]
	at org.hibernate.query.sqm.internal.QuerySqmImpl.doList(QuerySqmImpl.java:509) ~[hibernate-core-6.4.4.Final.jar!/:6.4.4.Final]
	at org.hibernate.query.spi.AbstractSelectionQuery.list(AbstractSelectionQuery.java:427) ~[hibernate-core-6.4.4.Final.jar!/:6.4.4.Final]
	at org.hibernate.query.Query.getResultList(Query.java:120) ~[hibernate-core-6.4.4.Final.jar!/:6.4.4.Final]
	at java.base/jdk.internal.reflect.DirectMethodHandleAccessor.invoke(DirectMethodHandleAccessor.java:104) ~[na:na]
	at java.base/java.lang.reflect.Method.invoke(Method.java:565) ~[na:na]
	at org.springframework.orm.jpa.SharedEntityManagerCreator$DeferredQueryInvocationHandler.invoke(SharedEntityManagerCreator.java:415) ~[spring-orm-6.1.6.jar!/:6.1.6]
	at jdk.proxy2/jdk.proxy2.$Proxy157.getResultList(Unknown Source) ~[na:na]
	at org.springframework.data.jpa.repository.query.JpaQueryExecution$CollectionExecution.doExecute(JpaQueryExecution.java:129) ~[spring-data-jpa-3.2.5.jar!/:3.2.5]
	at org.springframework.data.jpa.repository.query.JpaQueryExecution.execute(JpaQueryExecution.java:92) ~[spring-data-jpa-3.2.5.jar!/:3.2.5]
	at org.springframework.data.jpa.repository.query.AbstractJpaQuery.doExecute(AbstractJpaQuery.java:149) ~[spring-data-jpa-3.2.5.jar!/:3.2.5]
	at org.springframework.data.jpa.repository.query.AbstractJpaQuery.execute(AbstractJpaQuery.java:137) ~[spring-data-jpa-3.2.5.jar!/:3.2.5]
	at org.springframework.data.repository.core.support.RepositoryMethodInvoker.doInvoke(RepositoryMethodInvoker.java:170) ~[spring-data-commons-3.2.5.jar!/:3.2.5]
	at org.springframework.data.repository.core.support.RepositoryMethodInvoker.invoke(RepositoryMethodInvoker.java:158) ~[spring-data-commons-3.2.5.jar!/:3.2.5]
	at org.springframework.data.repository.core.support.QueryExecutorMethodInterceptor.doInvoke(QueryExecutorMethodInterceptor.java:164) ~[spring-data-commons-3.2.5.jar!/:3.2.5]
	at org.springframework.data.repository.core.support.QueryExecutorMethodInterceptor.invoke(QueryExecutorMethodInterceptor.java:143) ~[spring-data-commons-3.2.5.jar!/:3.2.5]
	at org.springframework.aop.framework.ReflectiveMethodInvocation.proceed(ReflectiveMethodInvocation.java:184) ~[spring-aop-6.1.6.jar!/:6.1.6]
	at org.springframework.data.projection.DefaultMethodInvokingMethodInterceptor.invoke(DefaultMethodInvokingMethodInterceptor.java:70) ~[spring-data-commons-3.2.5.jar!/:3.2.5]
	at org.springframework.aop.framework.ReflectiveMethodInvocation.proceed(ReflectiveMethodInvocation.java:184) ~[spring-aop-6.1.6.jar!/:6.1.6]
	at org.springframework.transaction.interceptor.TransactionInterceptor$1.proceedWithInvocation(TransactionInterceptor.java:123) ~[spring-tx-6.1.6.jar!/:6.1.6]
	at org.springframework.transaction.interceptor.TransactionAspectSupport.invokeWithinTransaction(TransactionAspectSupport.java:392) ~[spring-tx-6.1.6.jar!/:6.1.6]
	at org.springframework.transaction.interceptor.TransactionInterceptor.invoke(TransactionInterceptor.java:119) ~[spring-tx-6.1.6.jar!/:6.1.6]
	at org.springframework.aop.framework.ReflectiveMethodInvocation.proceed(ReflectiveMethodInvocation.java:184) ~[spring-aop-6.1.6.jar!/:6.1.6]
	at org.springframework.dao.support.PersistenceExceptionTranslationInterceptor.invoke(PersistenceExceptionTranslationInterceptor.java:137) ~[spring-tx-6.1.6.jar!/:6.1.6]
	... 21 common frames omitted
Caused by: java.sql.SQLSyntaxErrorException: Table 'railway.auction_sessions' doesn't exist
	at com.mysql.cj.jdbc.exceptions.SQLError.createSQLException(SQLError.java:121) ~[mysql-connector-j-8.3.0.jar!/:8.3.0]
	at com.mysql.cj.jdbc.exceptions.SQLExceptionsMapping.translateException(SQLExceptionsMapping.java:122) ~[mysql-connector-j-8.3.0.jar!/:8.3.0]
	at com.mysql.cj.jdbc.ClientPreparedStatement.executeInternal(ClientPreparedStatement.java:912) ~[mysql-connector-j-8.3.0.jar!/:8.3.0]
	at com.mysql.cj.jdbc.ClientPreparedStatement.executeQuery(ClientPreparedStatement.java:968) ~[mysql-connector-j-8.3.0.jar!/:8.3.0]
	at com.zaxxer.hikari.pool.ProxyPreparedStatement.executeQuery(ProxyPreparedStatement.java:52) ~[HikariCP-5.0.1.jar!/:na]
	at com.zaxxer.hikari.pool.HikariProxyPreparedStatement.executeQuery(HikariProxyPreparedStatement.java) ~[HikariCP-5.0.1.jar!/:na]
	at org.hibernate.sql.results.jdbc.internal.DeferredResultSetAccess.executeQuery(DeferredResultSetAccess.java:246) ~[hibernate-core-6.4.4.Final.jar!/:6.4.4.Final]
	... 58 common frames omitted

2026-05-26T00:31:31.906+07:00  WARN 15700 --- [auctionweb] [auction-sched-2] o.h.engine.jdbc.spi.SqlExceptionHelper   : SQL Error: 1146, SQLState: 42S02
2026-05-26T00:31:31.906+07:00 ERROR 15700 --- [auctionweb] [auction-sched-2] o.h.engine.jdbc.spi.SqlExceptionHelper   : Table 'railway.auction_sessions' doesn't exist
2026-05-26T00:31:31.907+07:00 ERROR 15700 --- [auctionweb] [auction-sched-2] o.s.s.s.TaskUtils$LoggingErrorHandler    : Unexpected error occurred in scheduled task

org.springframework.dao.InvalidDataAccessResourceUsageException: JDBC exception executing SQL [select a1_0.id,a1_0.bid_count,a1_0.category,a1_0.created_at,a1_0.current_price,a1_0.description,a1_0.end_time,a1_0.item_id,a1_0.seller_id,a1_0.start_time,a1_0.starting_price,a1_0.status,a1_0.title,a1_0.updated_at,a1_0.version,a1_0.winner_id from auction_sessions a1_0 where a1_0.status=? and a1_0.end_time<?] [Table 'railway.auction_sessions' doesn't exist] [n/a]; SQL [n/a]
	at org.springframework.orm.jpa.vendor.HibernateJpaDialect.convertHibernateAccessException(HibernateJpaDialect.java:277) ~[spring-orm-6.1.6.jar!/:6.1.6]
	at org.springframework.orm.jpa.vendor.HibernateJpaDialect.translateExceptionIfPossible(HibernateJpaDialect.java:241) ~[spring-orm-6.1.6.jar!/:6.1.6]
	at org.springframework.orm.jpa.AbstractEntityManagerFactoryBean.translateExceptionIfPossible(AbstractEntityManagerFactoryBean.java:550) ~[spring-orm-6.1.6.jar!/:6.1.6]
	at org.springframework.dao.support.ChainedPersistenceExceptionTranslator.translateExceptionIfPossible(ChainedPersistenceExceptionTranslator.java:61) ~[spring-tx-6.1.6.jar!/:6.1.6]
	at org.springframework.dao.support.DataAccessUtils.translateIfNecessary(DataAccessUtils.java:335) ~[spring-tx-6.1.6.jar!/:6.1.6]
	at org.springframework.dao.support.PersistenceExceptionTranslationInterceptor.invoke(PersistenceExceptionTranslationInterceptor.java:152) ~[spring-tx-6.1.6.jar!/:6.1.6]
	at org.springframework.aop.framework.ReflectiveMethodInvocation.proceed(ReflectiveMethodInvocation.java:184) ~[spring-aop-6.1.6.jar!/:6.1.6]
	at org.springframework.data.jpa.repository.support.CrudMethodMetadataPostProcessor$CrudMethodMetadataPopulatingMethodInterceptor.invoke(CrudMethodMetadataPostProcessor.java:135) ~[spring-data-jpa-3.2.5.jar!/:3.2.5]
	at org.springframework.aop.framework.ReflectiveMethodInvocation.proceed(ReflectiveMethodInvocation.java:184) ~[spring-aop-6.1.6.jar!/:6.1.6]
	at org.springframework.aop.interceptor.ExposeInvocationInterceptor.invoke(ExposeInvocationInterceptor.java:97) ~[spring-aop-6.1.6.jar!/:6.1.6]
	at org.springframework.aop.framework.ReflectiveMethodInvocation.proceed(ReflectiveMethodInvocation.java:184) ~[spring-aop-6.1.6.jar!/:6.1.6]
	at org.springframework.aop.framework.JdkDynamicAopProxy.invoke(JdkDynamicAopProxy.java:223) ~[spring-aop-6.1.6.jar!/:6.1.6]
	at jdk.proxy2/jdk.proxy2.$Proxy143.findByStatusAndEndTimeBefore(Unknown Source) ~[na:na]
	at com.nhom4project.auctionweb.backend.service.AuctionScheduler.checkExpiredAuctions(AuctionScheduler.java:43) ~[!/:0.0.1-SNAPSHOT]
	at java.base/jdk.internal.reflect.DirectMethodHandleAccessor.invoke(DirectMethodHandleAccessor.java:104) ~[na:na]
	at java.base/java.lang.reflect.Method.invoke(Method.java:565) ~[na:na]
	at org.springframework.scheduling.support.ScheduledMethodRunnable.runInternal(ScheduledMethodRunnable.java:130) ~[spring-context-6.1.6.jar!/:6.1.6]
	at org.springframework.scheduling.support.ScheduledMethodRunnable.lambda$run$2(ScheduledMethodRunnable.java:124) ~[spring-context-6.1.6.jar!/:6.1.6]
	at io.micrometer.observation.Observation.observe(Observation.java:499) ~[micrometer-observation-1.12.5.jar!/:1.12.5]
	at org.springframework.scheduling.support.ScheduledMethodRunnable.run(ScheduledMethodRunnable.java:124) ~[spring-context-6.1.6.jar!/:6.1.6]
	at org.springframework.scheduling.support.DelegatingErrorHandlingRunnable.run(DelegatingErrorHandlingRunnable.java:54) ~[spring-context-6.1.6.jar!/:6.1.6]
	at java.base/java.util.concurrent.Executors$RunnableAdapter.call(Executors.java:545) ~[na:na]
	at java.base/java.util.concurrent.FutureTask.runAndReset(FutureTask.java:369) ~[na:na]
	at java.base/java.util.concurrent.ScheduledThreadPoolExecutor$ScheduledFutureTask.run(ScheduledThreadPoolExecutor.java:310) ~[na:na]
	at java.base/java.util.concurrent.ThreadPoolExecutor.runWorker(ThreadPoolExecutor.java:1090) ~[na:na]
	at java.base/java.util.concurrent.ThreadPoolExecutor$Worker.run(ThreadPoolExecutor.java:614) ~[na:na]
	at java.base/java.lang.Thread.run(Thread.java:1474) ~[na:na]
Caused by: org.hibernate.exception.SQLGrammarException: JDBC exception executing SQL [select a1_0.id,a1_0.bid_count,a1_0.category,a1_0.created_at,a1_0.current_price,a1_0.description,a1_0.end_time,a1_0.item_id,a1_0.seller_id,a1_0.start_time,a1_0.starting_price,a1_0.status,a1_0.title,a1_0.updated_at,a1_0.version,a1_0.winner_id from auction_sessions a1_0 where a1_0.status=? and a1_0.end_time<?] [Table 'railway.auction_sessions' doesn't exist] [n/a]
	at org.hibernate.exception.internal.SQLExceptionTypeDelegate.convert(SQLExceptionTypeDelegate.java:66) ~[hibernate-core-6.4.4.Final.jar!/:6.4.4.Final]
	at org.hibernate.exception.internal.StandardSQLExceptionConverter.convert(StandardSQLExceptionConverter.java:58) ~[hibernate-core-6.4.4.Final.jar!/:6.4.4.Final]
	at org.hibernate.engine.jdbc.spi.SqlExceptionHelper.convert(SqlExceptionHelper.java:108) ~[hibernate-core-6.4.4.Final.jar!/:6.4.4.Final]
	at org.hibernate.engine.jdbc.spi.SqlExceptionHelper.convert(SqlExceptionHelper.java:94) ~[hibernate-core-6.4.4.Final.jar!/:6.4.4.Final]
	at org.hibernate.sql.results.jdbc.internal.DeferredResultSetAccess.executeQuery(DeferredResultSetAccess.java:265) ~[hibernate-core-6.4.4.Final.jar!/:6.4.4.Final]
	at org.hibernate.sql.results.jdbc.internal.DeferredResultSetAccess.getResultSet(DeferredResultSetAccess.java:167) ~[hibernate-core-6.4.4.Final.jar!/:6.4.4.Final]
	at org.hibernate.sql.results.jdbc.internal.JdbcValuesResultSetImpl.advanceNext(JdbcValuesResultSetImpl.java:218) ~[hibernate-core-6.4.4.Final.jar!/:6.4.4.Final]
	at org.hibernate.sql.results.jdbc.internal.JdbcValuesResultSetImpl.processNext(JdbcValuesResultSetImpl.java:98) ~[hibernate-core-6.4.4.Final.jar!/:6.4.4.Final]
	at org.hibernate.sql.results.jdbc.internal.AbstractJdbcValues.next(AbstractJdbcValues.java:19) ~[hibernate-core-6.4.4.Final.jar!/:6.4.4.Final]
	at org.hibernate.sql.results.internal.RowProcessingStateStandardImpl.next(RowProcessingStateStandardImpl.java:66) ~[hibernate-core-6.4.4.Final.jar!/:6.4.4.Final]
	at org.hibernate.sql.results.spi.ListResultsConsumer.consume(ListResultsConsumer.java:202) ~[hibernate-core-6.4.4.Final.jar!/:6.4.4.Final]
	at org.hibernate.sql.results.spi.ListResultsConsumer.consume(ListResultsConsumer.java:33) ~[hibernate-core-6.4.4.Final.jar!/:6.4.4.Final]
	at org.hibernate.sql.exec.internal.JdbcSelectExecutorStandardImpl.doExecuteQuery(JdbcSelectExecutorStandardImpl.java:209) ~[hibernate-core-6.4.4.Final.jar!/:6.4.4.Final]
	at org.hibernate.sql.exec.internal.JdbcSelectExecutorStandardImpl.executeQuery(JdbcSelectExecutorStandardImpl.java:83) ~[hibernate-core-6.4.4.Final.jar!/:6.4.4.Final]
	at org.hibernate.sql.exec.spi.JdbcSelectExecutor.list(JdbcSelectExecutor.java:76) ~[hibernate-core-6.4.4.Final.jar!/:6.4.4.Final]
	at org.hibernate.sql.exec.spi.JdbcSelectExecutor.list(JdbcSelectExecutor.java:65) ~[hibernate-core-6.4.4.Final.jar!/:6.4.4.Final]
	at org.hibernate.query.sqm.internal.ConcreteSqmSelectQueryPlan.lambda$new$2(ConcreteSqmSelectQueryPlan.java:137) ~[hibernate-core-6.4.4.Final.jar!/:6.4.4.Final]
	at org.hibernate.query.sqm.internal.ConcreteSqmSelectQueryPlan.withCacheableSqmInterpretation(ConcreteSqmSelectQueryPlan.java:362) ~[hibernate-core-6.4.4.Final.jar!/:6.4.4.Final]
	at org.hibernate.query.sqm.internal.ConcreteSqmSelectQueryPlan.performList(ConcreteSqmSelectQueryPlan.java:303) ~[hibernate-core-6.4.4.Final.jar!/:6.4.4.Final]
	at org.hibernate.query.sqm.internal.QuerySqmImpl.doList(QuerySqmImpl.java:509) ~[hibernate-core-6.4.4.Final.jar!/:6.4.4.Final]
	at org.hibernate.query.spi.AbstractSelectionQuery.list(AbstractSelectionQuery.java:427) ~[hibernate-core-6.4.4.Final.jar!/:6.4.4.Final]
	at org.hibernate.query.Query.getResultList(Query.java:120) ~[hibernate-core-6.4.4.Final.jar!/:6.4.4.Final]
	at java.base/jdk.internal.reflect.DirectMethodHandleAccessor.invoke(DirectMethodHandleAccessor.java:104) ~[na:na]
	at java.base/java.lang.reflect.Method.invoke(Method.java:565) ~[na:na]
	at org.springframework.orm.jpa.SharedEntityManagerCreator$DeferredQueryInvocationHandler.invoke(SharedEntityManagerCreator.java:415) ~[spring-orm-6.1.6.jar!/:6.1.6]
	at jdk.proxy2/jdk.proxy2.$Proxy157.getResultList(Unknown Source) ~[na:na]
	at org.springframework.data.jpa.repository.query.JpaQueryExecution$CollectionExecution.doExecute(JpaQueryExecution.java:129) ~[spring-data-jpa-3.2.5.jar!/:3.2.5]
	at org.springframework.data.jpa.repository.query.JpaQueryExecution.execute(JpaQueryExecution.java:92) ~[spring-data-jpa-3.2.5.jar!/:3.2.5]
	at org.springframework.data.jpa.repository.query.AbstractJpaQuery.doExecute(AbstractJpaQuery.java:149) ~[spring-data-jpa-3.2.5.jar!/:3.2.5]
	at org.springframework.data.jpa.repository.query.AbstractJpaQuery.execute(AbstractJpaQuery.java:137) ~[spring-data-jpa-3.2.5.jar!/:3.2.5]
	at org.springframework.data.repository.core.support.RepositoryMethodInvoker.doInvoke(RepositoryMethodInvoker.java:170) ~[spring-data-commons-3.2.5.jar!/:3.2.5]
	at org.springframework.data.repository.core.support.RepositoryMethodInvoker.invoke(RepositoryMethodInvoker.java:158) ~[spring-data-commons-3.2.5.jar!/:3.2.5]
	at org.springframework.data.repository.core.support.QueryExecutorMethodInterceptor.doInvoke(QueryExecutorMethodInterceptor.java:164) ~[spring-data-commons-3.2.5.jar!/:3.2.5]
	at org.springframework.data.repository.core.support.QueryExecutorMethodInterceptor.invoke(QueryExecutorMethodInterceptor.java:143) ~[spring-data-commons-3.2.5.jar!/:3.2.5]
	at org.springframework.aop.framework.ReflectiveMethodInvocation.proceed(ReflectiveMethodInvocation.java:184) ~[spring-aop-6.1.6.jar!/:6.1.6]
	at org.springframework.data.projection.DefaultMethodInvokingMethodInterceptor.invoke(DefaultMethodInvokingMethodInterceptor.java:70) ~[spring-data-commons-3.2.5.jar!/:3.2.5]
	at org.springframework.aop.framework.ReflectiveMethodInvocation.proceed(ReflectiveMethodInvocation.java:184) ~[spring-aop-6.1.6.jar!/:6.1.6]
	at org.springframework.transaction.interceptor.TransactionInterceptor$1.proceedWithInvocation(TransactionInterceptor.java:123) ~[spring-tx-6.1.6.jar!/:6.1.6]
	at org.springframework.transaction.interceptor.TransactionAspectSupport.invokeWithinTransaction(TransactionAspectSupport.java:392) ~[spring-tx-6.1.6.jar!/:6.1.6]
	at org.springframework.transaction.interceptor.TransactionInterceptor.invoke(TransactionInterceptor.java:119) ~[spring-tx-6.1.6.jar!/:6.1.6]
	at org.springframework.aop.framework.ReflectiveMethodInvocation.proceed(ReflectiveMethodInvocation.java:184) ~[spring-aop-6.1.6.jar!/:6.1.6]
	at org.springframework.dao.support.PersistenceExceptionTranslationInterceptor.invoke(PersistenceExceptionTranslationInterceptor.java:137) ~[spring-tx-6.1.6.jar!/:6.1.6]
	... 21 common frames omitted
Caused by: java.sql.SQLSyntaxErrorException: Table 'railway.auction_sessions' doesn't exist
	at com.mysql.cj.jdbc.exceptions.SQLError.createSQLException(SQLError.java:121) ~[mysql-connector-j-8.3.0.jar!/:8.3.0]
	at com.mysql.cj.jdbc.exceptions.SQLExceptionsMapping.translateException(SQLExceptionsMapping.java:122) ~[mysql-connector-j-8.3.0.jar!/:8.3.0]
	at com.mysql.cj.jdbc.ClientPreparedStatement.executeInternal(ClientPreparedStatement.java:912) ~[mysql-connector-j-8.3.0.jar!/:8.3.0]
	at com.mysql.cj.jdbc.ClientPreparedStatement.executeQuery(ClientPreparedStatement.java:968) ~[mysql-connector-j-8.3.0.jar!/:8.3.0]
	at com.zaxxer.hikari.pool.ProxyPreparedStatement.executeQuery(ProxyPreparedStatement.java:52) ~[HikariCP-5.0.1.jar!/:na]
	at com.zaxxer.hikari.pool.HikariProxyPreparedStatement.executeQuery(HikariProxyPreparedStatement.java) ~[HikariCP-5.0.1.jar!/:na]
	at org.hibernate.sql.results.jdbc.internal.DeferredResultSetAccess.executeQuery(DeferredResultSetAccess.java:246) ~[hibernate-core-6.4.4.Final.jar!/:6.4.4.Final]
	... 58 common frames omitted

2026-05-26T00:31:36.875+07:00  WARN 15700 --- [auctionweb] [auction-sched-2] o.h.engine.jdbc.spi.SqlExceptionHelper   : SQL Error: 1146, SQLState: 42S02
2026-05-26T00:31:36.876+07:00 ERROR 15700 --- [auctionweb] [auction-sched-2] o.h.engine.jdbc.spi.SqlExceptionHelper   : Table 'railway.auction_sessions' doesn't exist
2026-05-26T00:31:36.876+07:00 ERROR 15700 --- [auctionweb] [auction-sched-2] o.s.s.s.TaskUtils$LoggingErrorHandler    : Unexpected error occurred in scheduled task

org.springframework.dao.InvalidDataAccessResourceUsageException: JDBC exception executing SQL [select a1_0.id,a1_0.bid_count,a1_0.category,a1_0.created_at,a1_0.current_price,a1_0.description,a1_0.end_time,a1_0.item_id,a1_0.seller_id,a1_0.start_time,a1_0.starting_price,a1_0.status,a1_0.title,a1_0.updated_at,a1_0.version,a1_0.winner_id from auction_sessions a1_0 where a1_0.status=? and a1_0.end_time<?] [Table 'railway.auction_sessions' doesn't exist] [n/a]; SQL [n/a]
	at org.springframework.orm.jpa.vendor.HibernateJpaDialect.convertHibernateAccessException(HibernateJpaDialect.java:277) ~[spring-orm-6.1.6.jar!/:6.1.6]
	at org.springframework.orm.jpa.vendor.HibernateJpaDialect.translateExceptionIfPossible(HibernateJpaDialect.java:241) ~[spring-orm-6.1.6.jar!/:6.1.6]
	at org.springframework.orm.jpa.AbstractEntityManagerFactoryBean.translateExceptionIfPossible(AbstractEntityManagerFactoryBean.java:550) ~[spring-orm-6.1.6.jar!/:6.1.6]
	at org.springframework.dao.support.ChainedPersistenceExceptionTranslator.translateExceptionIfPossible(ChainedPersistenceExceptionTranslator.java:61) ~[spring-tx-6.1.6.jar!/:6.1.6]
	at org.springframework.dao.support.DataAccessUtils.translateIfNecessary(DataAccessUtils.java:335) ~[spring-tx-6.1.6.jar!/:6.1.6]
	at org.springframework.dao.support.PersistenceExceptionTranslationInterceptor.invoke(PersistenceExceptionTranslationInterceptor.java:152) ~[spring-tx-6.1.6.jar!/:6.1.6]
	at org.springframework.aop.framework.ReflectiveMethodInvocation.proceed(ReflectiveMethodInvocation.java:184) ~[spring-aop-6.1.6.jar!/:6.1.6]
	at org.springframework.data.jpa.repository.support.CrudMethodMetadataPostProcessor$CrudMethodMetadataPopulatingMethodInterceptor.invoke(CrudMethodMetadataPostProcessor.java:135) ~[spring-data-jpa-3.2.5.jar!/:3.2.5]
	at org.springframework.aop.framework.ReflectiveMethodInvocation.proceed(ReflectiveMethodInvocation.java:184) ~[spring-aop-6.1.6.jar!/:6.1.6]
	at org.springframework.aop.interceptor.ExposeInvocationInterceptor.invoke(ExposeInvocationInterceptor.java:97) ~[spring-aop-6.1.6.jar!/:6.1.6]
	at org.springframework.aop.framework.ReflectiveMethodInvocation.proceed(ReflectiveMethodInvocation.java:184) ~[spring-aop-6.1.6.jar!/:6.1.6]
	at org.springframework.aop.framework.JdkDynamicAopProxy.invoke(JdkDynamicAopProxy.java:223) ~[spring-aop-6.1.6.jar!/:6.1.6]
	at jdk.proxy2/jdk.proxy2.$Proxy143.findByStatusAndEndTimeBefore(Unknown Source) ~[na:na]
	at com.nhom4project.auctionweb.backend.service.AuctionScheduler.checkExpiredAuctions(AuctionScheduler.java:43) ~[!/:0.0.1-SNAPSHOT]
	at java.base/jdk.internal.reflect.DirectMethodHandleAccessor.invoke(DirectMethodHandleAccessor.java:104) ~[na:na]
	at java.base/java.lang.reflect.Method.invoke(Method.java:565) ~[na:na]
	at org.springframework.scheduling.support.ScheduledMethodRunnable.runInternal(ScheduledMethodRunnable.java:130) ~[spring-context-6.1.6.jar!/:6.1.6]
	at org.springframework.scheduling.support.ScheduledMethodRunnable.lambda$run$2(ScheduledMethodRunnable.java:124) ~[spring-context-6.1.6.jar!/:6.1.6]
	at io.micrometer.observation.Observation.observe(Observation.java:499) ~[micrometer-observation-1.12.5.jar!/:1.12.5]
	at org.springframework.scheduling.support.ScheduledMethodRunnable.run(ScheduledMethodRunnable.java:124) ~[spring-context-6.1.6.jar!/:6.1.6]
	at org.springframework.scheduling.support.DelegatingErrorHandlingRunnable.run(DelegatingErrorHandlingRunnable.java:54) ~[spring-context-6.1.6.jar!/:6.1.6]
	at java.base/java.util.concurrent.Executors$RunnableAdapter.call(Executors.java:545) ~[na:na]
	at java.base/java.util.concurrent.FutureTask.runAndReset(FutureTask.java:369) ~[na:na]
	at java.base/java.util.concurrent.ScheduledThreadPoolExecutor$ScheduledFutureTask.run(ScheduledThreadPoolExecutor.java:310) ~[na:na]
	at java.base/java.util.concurrent.ThreadPoolExecutor.runWorker(ThreadPoolExecutor.java:1090) ~[na:na]
	at java.base/java.util.concurrent.ThreadPoolExecutor$Worker.run(ThreadPoolExecutor.java:614) ~[na:na]
	at java.base/java.lang.Thread.run(Thread.java:1474) ~[na:na]
Caused by: org.hibernate.exception.SQLGrammarException: JDBC exception executing SQL [select a1_0.id,a1_0.bid_count,a1_0.category,a1_0.created_at,a1_0.current_price,a1_0.description,a1_0.end_time,a1_0.item_id,a1_0.seller_id,a1_0.start_time,a1_0.starting_price,a1_0.status,a1_0.title,a1_0.updated_at,a1_0.version,a1_0.winner_id from auction_sessions a1_0 where a1_0.status=? and a1_0.end_time<?] [Table 'railway.auction_sessions' doesn't exist] [n/a]
	at org.hibernate.exception.internal.SQLExceptionTypeDelegate.convert(SQLExceptionTypeDelegate.java:66) ~[hibernate-core-6.4.4.Final.jar!/:6.4.4.Final]
	at org.hibernate.exception.internal.StandardSQLExceptionConverter.convert(StandardSQLExceptionConverter.java:58) ~[hibernate-core-6.4.4.Final.jar!/:6.4.4.Final]
	at org.hibernate.engine.jdbc.spi.SqlExceptionHelper.convert(SqlExceptionHelper.java:108) ~[hibernate-core-6.4.4.Final.jar!/:6.4.4.Final]
	at org.hibernate.engine.jdbc.spi.SqlExceptionHelper.convert(SqlExceptionHelper.java:94) ~[hibernate-core-6.4.4.Final.jar!/:6.4.4.Final]
	at org.hibernate.sql.results.jdbc.internal.DeferredResultSetAccess.executeQuery(DeferredResultSetAccess.java:265) ~[hibernate-core-6.4.4.Final.jar!/:6.4.4.Final]
	at org.hibernate.sql.results.jdbc.internal.DeferredResultSetAccess.getResultSet(DeferredResultSetAccess.java:167) ~[hibernate-core-6.4.4.Final.jar!/:6.4.4.Final]
	at org.hibernate.sql.results.jdbc.internal.JdbcValuesResultSetImpl.advanceNext(JdbcValuesResultSetImpl.java:218) ~[hibernate-core-6.4.4.Final.jar!/:6.4.4.Final]
	at org.hibernate.sql.results.jdbc.internal.JdbcValuesResultSetImpl.processNext(JdbcValuesResultSetImpl.java:98) ~[hibernate-core-6.4.4.Final.jar!/:6.4.4.Final]
	at org.hibernate.sql.results.jdbc.internal.AbstractJdbcValues.next(AbstractJdbcValues.java:19) ~[hibernate-core-6.4.4.Final.jar!/:6.4.4.Final]
	at org.hibernate.sql.results.internal.RowProcessingStateStandardImpl.next(RowProcessingStateStandardImpl.java:66) ~[hibernate-core-6.4.4.Final.jar!/:6.4.4.Final]
	at org.hibernate.sql.results.spi.ListResultsConsumer.consume(ListResultsConsumer.java:202) ~[hibernate-core-6.4.4.Final.jar!/:6.4.4.Final]
	at org.hibernate.sql.results.spi.ListResultsConsumer.consume(ListResultsConsumer.java:33) ~[hibernate-core-6.4.4.Final.jar!/:6.4.4.Final]
	at org.hibernate.sql.exec.internal.JdbcSelectExecutorStandardImpl.doExecuteQuery(JdbcSelectExecutorStandardImpl.java:209) ~[hibernate-core-6.4.4.Final.jar!/:6.4.4.Final]
	at org.hibernate.sql.exec.internal.JdbcSelectExecutorStandardImpl.executeQuery(JdbcSelectExecutorStandardImpl.java:83) ~[hibernate-core-6.4.4.Final.jar!/:6.4.4.Final]
	at org.hibernate.sql.exec.spi.JdbcSelectExecutor.list(JdbcSelectExecutor.java:76) ~[hibernate-core-6.4.4.Final.jar!/:6.4.4.Final]
	at org.hibernate.sql.exec.spi.JdbcSelectExecutor.list(JdbcSelectExecutor.java:65) ~[hibernate-core-6.4.4.Final.jar!/:6.4.4.Final]
	at org.hibernate.query.sqm.internal.ConcreteSqmSelectQueryPlan.lambda$new$2(ConcreteSqmSelectQueryPlan.java:137) ~[hibernate-core-6.4.4.Final.jar!/:6.4.4.Final]
	at org.hibernate.query.sqm.internal.ConcreteSqmSelectQueryPlan.withCacheableSqmInterpretation(ConcreteSqmSelectQueryPlan.java:362) ~[hibernate-core-6.4.4.Final.jar!/:6.4.4.Final]
	at org.hibernate.query.sqm.internal.ConcreteSqmSelectQueryPlan.performList(ConcreteSqmSelectQueryPlan.java:303) ~[hibernate-core-6.4.4.Final.jar!/:6.4.4.Final]
	at org.hibernate.query.sqm.internal.QuerySqmImpl.doList(QuerySqmImpl.java:509) ~[hibernate-core-6.4.4.Final.jar!/:6.4.4.Final]
	at org.hibernate.query.spi.AbstractSelectionQuery.list(AbstractSelectionQuery.java:427) ~[hibernate-core-6.4.4.Final.jar!/:6.4.4.Final]
	at org.hibernate.query.Query.getResultList(Query.java:120) ~[hibernate-core-6.4.4.Final.jar!/:6.4.4.Final]
	at java.base/jdk.internal.reflect.DirectMethodHandleAccessor.invoke(DirectMethodHandleAccessor.java:104) ~[na:na]
	at java.base/java.lang.reflect.Method.invoke(Method.java:565) ~[na:na]
	at org.springframework.orm.jpa.SharedEntityManagerCreator$DeferredQueryInvocationHandler.invoke(SharedEntityManagerCreator.java:415) ~[spring-orm-6.1.6.jar!/:6.1.6]
	at jdk.proxy2/jdk.proxy2.$Proxy157.getResultList(Unknown Source) ~[na:na]
	at org.springframework.data.jpa.repository.query.JpaQueryExecution$CollectionExecution.doExecute(JpaQueryExecution.java:129) ~[spring-data-jpa-3.2.5.jar!/:3.2.5]
	at org.springframework.data.jpa.repository.query.JpaQueryExecution.execute(JpaQueryExecution.java:92) ~[spring-data-jpa-3.2.5.jar!/:3.2.5]
	at org.springframework.data.jpa.repository.query.AbstractJpaQuery.doExecute(AbstractJpaQuery.java:149) ~[spring-data-jpa-3.2.5.jar!/:3.2.5]
	at org.springframework.data.jpa.repository.query.AbstractJpaQuery.execute(AbstractJpaQuery.java:137) ~[spring-data-jpa-3.2.5.jar!/:3.2.5]
	at org.springframework.data.repository.core.support.RepositoryMethodInvoker.doInvoke(RepositoryMethodInvoker.java:170) ~[spring-data-commons-3.2.5.jar!/:3.2.5]
	at org.springframework.data.repository.core.support.RepositoryMethodInvoker.invoke(RepositoryMethodInvoker.java:158) ~[spring-data-commons-3.2.5.jar!/:3.2.5]
	at org.springframework.data.repository.core.support.QueryExecutorMethodInterceptor.doInvoke(QueryExecutorMethodInterceptor.java:164) ~[spring-data-commons-3.2.5.jar!/:3.2.5]
	at org.springframework.data.repository.core.support.QueryExecutorMethodInterceptor.invoke(QueryExecutorMethodInterceptor.java:143) ~[spring-data-commons-3.2.5.jar!/:3.2.5]
	at org.springframework.aop.framework.ReflectiveMethodInvocation.proceed(ReflectiveMethodInvocation.java:184) ~[spring-aop-6.1.6.jar!/:6.1.6]
	at org.springframework.data.projection.DefaultMethodInvokingMethodInterceptor.invoke(DefaultMethodInvokingMethodInterceptor.java:70) ~[spring-data-commons-3.2.5.jar!/:3.2.5]
	at org.springframework.aop.framework.ReflectiveMethodInvocation.proceed(ReflectiveMethodInvocation.java:184) ~[spring-aop-6.1.6.jar!/:6.1.6]
	at org.springframework.transaction.interceptor.TransactionInterceptor$1.proceedWithInvocation(TransactionInterceptor.java:123) ~[spring-tx-6.1.6.jar!/:6.1.6]
	at org.springframework.transaction.interceptor.TransactionAspectSupport.invokeWithinTransaction(TransactionAspectSupport.java:392) ~[spring-tx-6.1.6.jar!/:6.1.6]
	at org.springframework.transaction.interceptor.TransactionInterceptor.invoke(TransactionInterceptor.java:119) ~[spring-tx-6.1.6.jar!/:6.1.6]
	at org.springframework.aop.framework.ReflectiveMethodInvocation.proceed(ReflectiveMethodInvocation.java:184) ~[spring-aop-6.1.6.jar!/:6.1.6]
	at org.springframework.dao.support.PersistenceExceptionTranslationInterceptor.invoke(PersistenceExceptionTranslationInterceptor.java:137) ~[spring-tx-6.1.6.jar!/:6.1.6]
	... 21 common frames omitted
Caused by: java.sql.SQLSyntaxErrorException: Table 'railway.auction_sessions' doesn't exist
	at com.mysql.cj.jdbc.exceptions.SQLError.createSQLException(SQLError.java:121) ~[mysql-connector-j-8.3.0.jar!/:8.3.0]
	at com.mysql.cj.jdbc.exceptions.SQLExceptionsMapping.translateException(SQLExceptionsMapping.java:122) ~[mysql-connector-j-8.3.0.jar!/:8.3.0]
	at com.mysql.cj.jdbc.ClientPreparedStatement.executeInternal(ClientPreparedStatement.java:912) ~[mysql-connector-j-8.3.0.jar!/:8.3.0]
	at com.mysql.cj.jdbc.ClientPreparedStatement.executeQuery(ClientPreparedStatement.java:968) ~[mysql-connector-j-8.3.0.jar!/:8.3.0]
	at com.zaxxer.hikari.pool.ProxyPreparedStatement.executeQuery(ProxyPreparedStatement.java:52) ~[HikariCP-5.0.1.jar!/:na]
	at com.zaxxer.hikari.pool.HikariProxyPreparedStatement.executeQuery(HikariProxyPreparedStatement.java) ~[HikariCP-5.0.1.jar!/:na]
	at org.hibernate.sql.results.jdbc.internal.DeferredResultSetAccess.executeQuery(DeferredResultSetAccess.java:246) ~[hibernate-core-6.4.4.Final.jar!/:6.4.4.Final]
	... 58 common frames omitted

2026-05-26T00:31:41.880+07:00  WARN 15700 --- [auctionweb] [auction-sched-2] o.h.engine.jdbc.spi.SqlExceptionHelper   : SQL Error: 1146, SQLState: 42S02
2026-05-26T00:31:41.881+07:00 ERROR 15700 --- [auctionweb] [auction-sched-2] o.h.engine.jdbc.spi.SqlExceptionHelper   : Table 'railway.auction_sessions' doesn't exist
2026-05-26T00:31:41.882+07:00 ERROR 15700 --- [auctionweb] [auction-sched-2] o.s.s.s.TaskUtils$LoggingErrorHandler    : Unexpected error occurred in scheduled task

org.springframework.dao.InvalidDataAccessResourceUsageException: JDBC exception executing SQL [select a1_0.id,a1_0.bid_count,a1_0.category,a1_0.created_at,a1_0.current_price,a1_0.description,a1_0.end_time,a1_0.item_id,a1_0.seller_id,a1_0.start_time,a1_0.starting_price,a1_0.status,a1_0.title,a1_0.updated_at,a1_0.version,a1_0.winner_id from auction_sessions a1_0 where a1_0.status=? and a1_0.end_time<?] [Table 'railway.auction_sessions' doesn't exist] [n/a]; SQL [n/a]
	at org.springframework.orm.jpa.vendor.HibernateJpaDialect.convertHibernateAccessException(HibernateJpaDialect.java:277) ~[spring-orm-6.1.6.jar!/:6.1.6]
	at org.springframework.orm.jpa.vendor.HibernateJpaDialect.translateExceptionIfPossible(HibernateJpaDialect.java:241) ~[spring-orm-6.1.6.jar!/:6.1.6]
	at org.springframework.orm.jpa.AbstractEntityManagerFactoryBean.translateExceptionIfPossible(AbstractEntityManagerFactoryBean.java:550) ~[spring-orm-6.1.6.jar!/:6.1.6]
	at org.springframework.dao.support.ChainedPersistenceExceptionTranslator.translateExceptionIfPossible(ChainedPersistenceExceptionTranslator.java:61) ~[spring-tx-6.1.6.jar!/:6.1.6]
	at org.springframework.dao.support.DataAccessUtils.translateIfNecessary(DataAccessUtils.java:335) ~[spring-tx-6.1.6.jar!/:6.1.6]
	at org.springframework.dao.support.PersistenceExceptionTranslationInterceptor.invoke(PersistenceExceptionTranslationInterceptor.java:152) ~[spring-tx-6.1.6.jar!/:6.1.6]
	at org.springframework.aop.framework.ReflectiveMethodInvocation.proceed(ReflectiveMethodInvocation.java:184) ~[spring-aop-6.1.6.jar!/:6.1.6]
	at org.springframework.data.jpa.repository.support.CrudMethodMetadataPostProcessor$CrudMethodMetadataPopulatingMethodInterceptor.invoke(CrudMethodMetadataPostProcessor.java:135) ~[spring-data-jpa-3.2.5.jar!/:3.2.5]
	at org.springframework.aop.framework.ReflectiveMethodInvocation.proceed(ReflectiveMethodInvocation.java:184) ~[spring-aop-6.1.6.jar!/:6.1.6]
	at org.springframework.aop.interceptor.ExposeInvocationInterceptor.invoke(ExposeInvocationInterceptor.java:97) ~[spring-aop-6.1.6.jar!/:6.1.6]
	at org.springframework.aop.framework.ReflectiveMethodInvocation.proceed(ReflectiveMethodInvocation.java:184) ~[spring-aop-6.1.6.jar!/:6.1.6]
	at org.springframework.aop.framework.JdkDynamicAopProxy.invoke(JdkDynamicAopProxy.java:223) ~[spring-aop-6.1.6.jar!/:6.1.6]
	at jdk.proxy2/jdk.proxy2.$Proxy143.findByStatusAndEndTimeBefore(Unknown Source) ~[na:na]
	at com.nhom4project.auctionweb.backend.service.AuctionScheduler.checkExpiredAuctions(AuctionScheduler.java:43) ~[!/:0.0.1-SNAPSHOT]
	at java.base/jdk.internal.reflect.DirectMethodHandleAccessor.invoke(DirectMethodHandleAccessor.java:104) ~[na:na]
	at java.base/java.lang.reflect.Method.invoke(Method.java:565) ~[na:na]
	at org.springframework.scheduling.support.ScheduledMethodRunnable.runInternal(ScheduledMethodRunnable.java:130) ~[spring-context-6.1.6.jar!/:6.1.6]
	at org.springframework.scheduling.support.ScheduledMethodRunnable.lambda$run$2(ScheduledMethodRunnable.java:124) ~[spring-context-6.1.6.jar!/:6.1.6]
	at io.micrometer.observation.Observation.observe(Observation.java:499) ~[micrometer-observation-1.12.5.jar!/:1.12.5]
	at org.springframework.scheduling.support.ScheduledMethodRunnable.run(ScheduledMethodRunnable.java:124) ~[spring-context-6.1.6.jar!/:6.1.6]
	at org.springframework.scheduling.support.DelegatingErrorHandlingRunnable.run(DelegatingErrorHandlingRunnable.java:54) ~[spring-context-6.1.6.jar!/:6.1.6]
	at java.base/java.util.concurrent.Executors$RunnableAdapter.call(Executors.java:545) ~[na:na]
	at java.base/java.util.concurrent.FutureTask.runAndReset(FutureTask.java:369) ~[na:na]
	at java.base/java.util.concurrent.ScheduledThreadPoolExecutor$ScheduledFutureTask.run(ScheduledThreadPoolExecutor.java:310) ~[na:na]
	at java.base/java.util.concurrent.ThreadPoolExecutor.runWorker(ThreadPoolExecutor.java:1090) ~[na:na]
	at java.base/java.util.concurrent.ThreadPoolExecutor$Worker.run(ThreadPoolExecutor.java:614) ~[na:na]
	at java.base/java.lang.Thread.run(Thread.java:1474) ~[na:na]
Caused by: org.hibernate.exception.SQLGrammarException: JDBC exception executing SQL [select a1_0.id,a1_0.bid_count,a1_0.category,a1_0.created_at,a1_0.current_price,a1_0.description,a1_0.end_time,a1_0.item_id,a1_0.seller_id,a1_0.start_time,a1_0.starting_price,a1_0.status,a1_0.title,a1_0.updated_at,a1_0.version,a1_0.winner_id from auction_sessions a1_0 where a1_0.status=? and a1_0.end_time<?] [Table 'railway.auction_sessions' doesn't exist] [n/a]
	at org.hibernate.exception.internal.SQLExceptionTypeDelegate.convert(SQLExceptionTypeDelegate.java:66) ~[hibernate-core-6.4.4.Final.jar!/:6.4.4.Final]
	at org.hibernate.exception.internal.StandardSQLExceptionConverter.convert(StandardSQLExceptionConverter.java:58) ~[hibernate-core-6.4.4.Final.jar!/:6.4.4.Final]
	at org.hibernate.engine.jdbc.spi.SqlExceptionHelper.convert(SqlExceptionHelper.java:108) ~[hibernate-core-6.4.4.Final.jar!/:6.4.4.Final]
	at org.hibernate.engine.jdbc.spi.SqlExceptionHelper.convert(SqlExceptionHelper.java:94) ~[hibernate-core-6.4.4.Final.jar!/:6.4.4.Final]
	at org.hibernate.sql.results.jdbc.internal.DeferredResultSetAccess.executeQuery(DeferredResultSetAccess.java:265) ~[hibernate-core-6.4.4.Final.jar!/:6.4.4.Final]
	at org.hibernate.sql.results.jdbc.internal.DeferredResultSetAccess.getResultSet(DeferredResultSetAccess.java:167) ~[hibernate-core-6.4.4.Final.jar!/:6.4.4.Final]
	at org.hibernate.sql.results.jdbc.internal.JdbcValuesResultSetImpl.advanceNext(JdbcValuesResultSetImpl.java:218) ~[hibernate-core-6.4.4.Final.jar!/:6.4.4.Final]
	at org.hibernate.sql.results.jdbc.internal.JdbcValuesResultSetImpl.processNext(JdbcValuesResultSetImpl.java:98) ~[hibernate-core-6.4.4.Final.jar!/:6.4.4.Final]
	at org.hibernate.sql.results.jdbc.internal.AbstractJdbcValues.next(AbstractJdbcValues.java:19) ~[hibernate-core-6.4.4.Final.jar!/:6.4.4.Final]
	at org.hibernate.sql.results.internal.RowProcessingStateStandardImpl.next(RowProcessingStateStandardImpl.java:66) ~[hibernate-core-6.4.4.Final.jar!/:6.4.4.Final]
	at org.hibernate.sql.results.spi.ListResultsConsumer.consume(ListResultsConsumer.java:202) ~[hibernate-core-6.4.4.Final.jar!/:6.4.4.Final]
	at org.hibernate.sql.results.spi.ListResultsConsumer.consume(ListResultsConsumer.java:33) ~[hibernate-core-6.4.4.Final.jar!/:6.4.4.Final]
	at org.hibernate.sql.exec.internal.JdbcSelectExecutorStandardImpl.doExecuteQuery(JdbcSelectExecutorStandardImpl.java:209) ~[hibernate-core-6.4.4.Final.jar!/:6.4.4.Final]
	at org.hibernate.sql.exec.internal.JdbcSelectExecutorStandardImpl.executeQuery(JdbcSelectExecutorStandardImpl.java:83) ~[hibernate-core-6.4.4.Final.jar!/:6.4.4.Final]
	at org.hibernate.sql.exec.spi.JdbcSelectExecutor.list(JdbcSelectExecutor.java:76) ~[hibernate-core-6.4.4.Final.jar!/:6.4.4.Final]
	at org.hibernate.sql.exec.spi.JdbcSelectExecutor.list(JdbcSelectExecutor.java:65) ~[hibernate-core-6.4.4.Final.jar!/:6.4.4.Final]
	at org.hibernate.query.sqm.internal.ConcreteSqmSelectQueryPlan.lambda$new$2(ConcreteSqmSelectQueryPlan.java:137) ~[hibernate-core-6.4.4.Final.jar!/:6.4.4.Final]
	at org.hibernate.query.sqm.internal.ConcreteSqmSelectQueryPlan.withCacheableSqmInterpretation(ConcreteSqmSelectQueryPlan.java:362) ~[hibernate-core-6.4.4.Final.jar!/:6.4.4.Final]
	at org.hibernate.query.sqm.internal.ConcreteSqmSelectQueryPlan.performList(ConcreteSqmSelectQueryPlan.java:303) ~[hibernate-core-6.4.4.Final.jar!/:6.4.4.Final]
	at org.hibernate.query.sqm.internal.QuerySqmImpl.doList(QuerySqmImpl.java:509) ~[hibernate-core-6.4.4.Final.jar!/:6.4.4.Final]
	at org.hibernate.query.spi.AbstractSelectionQuery.list(AbstractSelectionQuery.java:427) ~[hibernate-core-6.4.4.Final.jar!/:6.4.4.Final]
	at org.hibernate.query.Query.getResultList(Query.java:120) ~[hibernate-core-6.4.4.Final.jar!/:6.4.4.Final]
	at java.base/jdk.internal.reflect.DirectMethodHandleAccessor.invoke(DirectMethodHandleAccessor.java:104) ~[na:na]
	at java.base/java.lang.reflect.Method.invoke(Method.java:565) ~[na:na]
	at org.springframework.orm.jpa.SharedEntityManagerCreator$DeferredQueryInvocationHandler.invoke(SharedEntityManagerCreator.java:415) ~[spring-orm-6.1.6.jar!/:6.1.6]
	at jdk.proxy2/jdk.proxy2.$Proxy157.getResultList(Unknown Source) ~[na:na]
	at org.springframework.data.jpa.repository.query.JpaQueryExecution$CollectionExecution.doExecute(JpaQueryExecution.java:129) ~[spring-data-jpa-3.2.5.jar!/:3.2.5]
	at org.springframework.data.jpa.repository.query.JpaQueryExecution.execute(JpaQueryExecution.java:92) ~[spring-data-jpa-3.2.5.jar!/:3.2.5]
	at org.springframework.data.jpa.repository.query.AbstractJpaQuery.doExecute(AbstractJpaQuery.java:149) ~[spring-data-jpa-3.2.5.jar!/:3.2.5]
	at org.springframework.data.jpa.repository.query.AbstractJpaQuery.execute(AbstractJpaQuery.java:137) ~[spring-data-jpa-3.2.5.jar!/:3.2.5]
	at org.springframework.data.repository.core.support.RepositoryMethodInvoker.doInvoke(RepositoryMethodInvoker.java:170) ~[spring-data-commons-3.2.5.jar!/:3.2.5]
	at org.springframework.data.repository.core.support.RepositoryMethodInvoker.invoke(RepositoryMethodInvoker.java:158) ~[spring-data-commons-3.2.5.jar!/:3.2.5]
	at org.springframework.data.repository.core.support.QueryExecutorMethodInterceptor.doInvoke(QueryExecutorMethodInterceptor.java:164) ~[spring-data-commons-3.2.5.jar!/:3.2.5]
	at org.springframework.data.repository.core.support.QueryExecutorMethodInterceptor.invoke(QueryExecutorMethodInterceptor.java:143) ~[spring-data-commons-3.2.5.jar!/:3.2.5]
	at org.springframework.aop.framework.ReflectiveMethodInvocation.proceed(ReflectiveMethodInvocation.java:184) ~[spring-aop-6.1.6.jar!/:6.1.6]
	at org.springframework.data.projection.DefaultMethodInvokingMethodInterceptor.invoke(DefaultMethodInvokingMethodInterceptor.java:70) ~[spring-data-commons-3.2.5.jar!/:3.2.5]
	at org.springframework.aop.framework.ReflectiveMethodInvocation.proceed(ReflectiveMethodInvocation.java:184) ~[spring-aop-6.1.6.jar!/:6.1.6]
	at org.springframework.transaction.interceptor.TransactionInterceptor$1.proceedWithInvocation(TransactionInterceptor.java:123) ~[spring-tx-6.1.6.jar!/:6.1.6]
	at org.springframework.transaction.interceptor.TransactionAspectSupport.invokeWithinTransaction(TransactionAspectSupport.java:392) ~[spring-tx-6.1.6.jar!/:6.1.6]
	at org.springframework.transaction.interceptor.TransactionInterceptor.invoke(TransactionInterceptor.java:119) ~[spring-tx-6.1.6.jar!/:6.1.6]
	at org.springframework.aop.framework.ReflectiveMethodInvocation.proceed(ReflectiveMethodInvocation.java:184) ~[spring-aop-6.1.6.jar!/:6.1.6]
	at org.springframework.dao.support.PersistenceExceptionTranslationInterceptor.invoke(PersistenceExceptionTranslationInterceptor.java:137) ~[spring-tx-6.1.6.jar!/:6.1.6]
	... 21 common frames omitted
Caused by: java.sql.SQLSyntaxErrorException: Table 'railway.auction_sessions' doesn't exist
	at com.mysql.cj.jdbc.exceptions.SQLError.createSQLException(SQLError.java:121) ~[mysql-connector-j-8.3.0.jar!/:8.3.0]
	at com.mysql.cj.jdbc.exceptions.SQLExceptionsMapping.translateException(SQLExceptionsMapping.java:122) ~[mysql-connector-j-8.3.0.jar!/:8.3.0]
	at com.mysql.cj.jdbc.ClientPreparedStatement.executeInternal(ClientPreparedStatement.java:912) ~[mysql-connector-j-8.3.0.jar!/:8.3.0]
	at com.mysql.cj.jdbc.ClientPreparedStatement.executeQuery(ClientPreparedStatement.java:968) ~[mysql-connector-j-8.3.0.jar!/:8.3.0]
	at com.zaxxer.hikari.pool.ProxyPreparedStatement.executeQuery(ProxyPreparedStatement.java:52) ~[HikariCP-5.0.1.jar!/:na]
	at com.zaxxer.hikari.pool.HikariProxyPreparedStatement.executeQuery(HikariProxyPreparedStatement.java) ~[HikariCP-5.0.1.jar!/:na]
	at org.hibernate.sql.results.jdbc.internal.DeferredResultSetAccess.executeQuery(DeferredResultSetAccess.java:246) ~[hibernate-core-6.4.4.Final.jar!/:6.4.4.Final]
	... 58 common frames omitted

2026-05-26T00:31:46.873+07:00  WARN 15700 --- [auctionweb] [auction-sched-2] o.h.engine.jdbc.spi.SqlExceptionHelper   : SQL Error: 1146, SQLState: 42S02
2026-05-26T00:31:46.873+07:00 ERROR 15700 --- [auctionweb] [auction-sched-2] o.h.engine.jdbc.spi.SqlExceptionHelper   : Table 'railway.auction_sessions' doesn't exist
2026-05-26T00:31:46.873+07:00 ERROR 15700 --- [auctionweb] [auction-sched-2] o.s.s.s.TaskUtils$LoggingErrorHandler    : Unexpected error occurred in scheduled task

org.springframework.dao.InvalidDataAccessResourceUsageException: JDBC exception executing SQL [select a1_0.id,a1_0.bid_count,a1_0.category,a1_0.created_at,a1_0.current_price,a1_0.description,a1_0.end_time,a1_0.item_id,a1_0.seller_id,a1_0.start_time,a1_0.starting_price,a1_0.status,a1_0.title,a1_0.updated_at,a1_0.version,a1_0.winner_id from auction_sessions a1_0 where a1_0.status=? and a1_0.end_time<?] [Table 'railway.auction_sessions' doesn't exist] [n/a]; SQL [n/a]
	at org.springframework.orm.jpa.vendor.HibernateJpaDialect.convertHibernateAccessException(HibernateJpaDialect.java:277) ~[spring-orm-6.1.6.jar!/:6.1.6]
	at org.springframework.orm.jpa.vendor.HibernateJpaDialect.translateExceptionIfPossible(HibernateJpaDialect.java:241) ~[spring-orm-6.1.6.jar!/:6.1.6]
	at org.springframework.orm.jpa.AbstractEntityManagerFactoryBean.translateExceptionIfPossible(AbstractEntityManagerFactoryBean.java:550) ~[spring-orm-6.1.6.jar!/:6.1.6]
	at org.springframework.dao.support.ChainedPersistenceExceptionTranslator.translateExceptionIfPossible(ChainedPersistenceExceptionTranslator.java:61) ~[spring-tx-6.1.6.jar!/:6.1.6]
	at org.springframework.dao.support.DataAccessUtils.translateIfNecessary(DataAccessUtils.java:335) ~[spring-tx-6.1.6.jar!/:6.1.6]
	at org.springframework.dao.support.PersistenceExceptionTranslationInterceptor.invoke(PersistenceExceptionTranslationInterceptor.java:152) ~[spring-tx-6.1.6.jar!/:6.1.6]
	at org.springframework.aop.framework.ReflectiveMethodInvocation.proceed(ReflectiveMethodInvocation.java:184) ~[spring-aop-6.1.6.jar!/:6.1.6]
	at org.springframework.data.jpa.repository.support.CrudMethodMetadataPostProcessor$CrudMethodMetadataPopulatingMethodInterceptor.invoke(CrudMethodMetadataPostProcessor.java:135) ~[spring-data-jpa-3.2.5.jar!/:3.2.5]
	at org.springframework.aop.framework.ReflectiveMethodInvocation.proceed(ReflectiveMethodInvocation.java:184) ~[spring-aop-6.1.6.jar!/:6.1.6]
	at org.springframework.aop.interceptor.ExposeInvocationInterceptor.invoke(ExposeInvocationInterceptor.java:97) ~[spring-aop-6.1.6.jar!/:6.1.6]
	at org.springframework.aop.framework.ReflectiveMethodInvocation.proceed(ReflectiveMethodInvocation.java:184) ~[spring-aop-6.1.6.jar!/:6.1.6]
	at org.springframework.aop.framework.JdkDynamicAopProxy.invoke(JdkDynamicAopProxy.java:223) ~[spring-aop-6.1.6.jar!/:6.1.6]
	at jdk.proxy2/jdk.proxy2.$Proxy143.findByStatusAndEndTimeBefore(Unknown Source) ~[na:na]
	at com.nhom4project.auctionweb.backend.service.AuctionScheduler.checkExpiredAuctions(AuctionScheduler.java:43) ~[!/:0.0.1-SNAPSHOT]
	at java.base/jdk.internal.reflect.DirectMethodHandleAccessor.invoke(DirectMethodHandleAccessor.java:104) ~[na:na]
	at java.base/java.lang.reflect.Method.invoke(Method.java:565) ~[na:na]
	at org.springframework.scheduling.support.ScheduledMethodRunnable.runInternal(ScheduledMethodRunnable.java:130) ~[spring-context-6.1.6.jar!/:6.1.6]
	at org.springframework.scheduling.support.ScheduledMethodRunnable.lambda$run$2(ScheduledMethodRunnable.java:124) ~[spring-context-6.1.6.jar!/:6.1.6]
	at io.micrometer.observation.Observation.observe(Observation.java:499) ~[micrometer-observation-1.12.5.jar!/:1.12.5]
	at org.springframework.scheduling.support.ScheduledMethodRunnable.run(ScheduledMethodRunnable.java:124) ~[spring-context-6.1.6.jar!/:6.1.6]
	at org.springframework.scheduling.support.DelegatingErrorHandlingRunnable.run(DelegatingErrorHandlingRunnable.java:54) ~[spring-context-6.1.6.jar!/:6.1.6]
	at java.base/java.util.concurrent.Executors$RunnableAdapter.call(Executors.java:545) ~[na:na]
	at java.base/java.util.concurrent.FutureTask.runAndReset(FutureTask.java:369) ~[na:na]
	at java.base/java.util.concurrent.ScheduledThreadPoolExecutor$ScheduledFutureTask.run(ScheduledThreadPoolExecutor.java:310) ~[na:na]
	at java.base/java.util.concurrent.ThreadPoolExecutor.runWorker(ThreadPoolExecutor.java:1090) ~[na:na]
	at java.base/java.util.concurrent.ThreadPoolExecutor$Worker.run(ThreadPoolExecutor.java:614) ~[na:na]
	at java.base/java.lang.Thread.run(Thread.java:1474) ~[na:na]
Caused by: org.hibernate.exception.SQLGrammarException: JDBC exception executing SQL [select a1_0.id,a1_0.bid_count,a1_0.category,a1_0.created_at,a1_0.current_price,a1_0.description,a1_0.end_time,a1_0.item_id,a1_0.seller_id,a1_0.start_time,a1_0.starting_price,a1_0.status,a1_0.title,a1_0.updated_at,a1_0.version,a1_0.winner_id from auction_sessions a1_0 where a1_0.status=? and a1_0.end_time<?] [Table 'railway.auction_sessions' doesn't exist] [n/a]
	at org.hibernate.exception.internal.SQLExceptionTypeDelegate.convert(SQLExceptionTypeDelegate.java:66) ~[hibernate-core-6.4.4.Final.jar!/:6.4.4.Final]
	at org.hibernate.exception.internal.StandardSQLExceptionConverter.convert(StandardSQLExceptionConverter.java:58) ~[hibernate-core-6.4.4.Final.jar!/:6.4.4.Final]
	at org.hibernate.engine.jdbc.spi.SqlExceptionHelper.convert(SqlExceptionHelper.java:108) ~[hibernate-core-6.4.4.Final.jar!/:6.4.4.Final]
	at org.hibernate.engine.jdbc.spi.SqlExceptionHelper.convert(SqlExceptionHelper.java:94) ~[hibernate-core-6.4.4.Final.jar!/:6.4.4.Final]
	at org.hibernate.sql.results.jdbc.internal.DeferredResultSetAccess.executeQuery(DeferredResultSetAccess.java:265) ~[hibernate-core-6.4.4.Final.jar!/:6.4.4.Final]
	at org.hibernate.sql.results.jdbc.internal.DeferredResultSetAccess.getResultSet(DeferredResultSetAccess.java:167) ~[hibernate-core-6.4.4.Final.jar!/:6.4.4.Final]
	at org.hibernate.sql.results.jdbc.internal.JdbcValuesResultSetImpl.advanceNext(JdbcValuesResultSetImpl.java:218) ~[hibernate-core-6.4.4.Final.jar!/:6.4.4.Final]
	at org.hibernate.sql.results.jdbc.internal.JdbcValuesResultSetImpl.processNext(JdbcValuesResultSetImpl.java:98) ~[hibernate-core-6.4.4.Final.jar!/:6.4.4.Final]
	at org.hibernate.sql.results.jdbc.internal.AbstractJdbcValues.next(AbstractJdbcValues.java:19) ~[hibernate-core-6.4.4.Final.jar!/:6.4.4.Final]
	at org.hibernate.sql.results.internal.RowProcessingStateStandardImpl.next(RowProcessingStateStandardImpl.java:66) ~[hibernate-core-6.4.4.Final.jar!/:6.4.4.Final]
	at org.hibernate.sql.results.spi.ListResultsConsumer.consume(ListResultsConsumer.java:202) ~[hibernate-core-6.4.4.Final.jar!/:6.4.4.Final]
	at org.hibernate.sql.results.spi.ListResultsConsumer.consume(ListResultsConsumer.java:33) ~[hibernate-core-6.4.4.Final.jar!/:6.4.4.Final]
	at org.hibernate.sql.exec.internal.JdbcSelectExecutorStandardImpl.doExecuteQuery(JdbcSelectExecutorStandardImpl.java:209) ~[hibernate-core-6.4.4.Final.jar!/:6.4.4.Final]
	at org.hibernate.sql.exec.internal.JdbcSelectExecutorStandardImpl.executeQuery(JdbcSelectExecutorStandardImpl.java:83) ~[hibernate-core-6.4.4.Final.jar!/:6.4.4.Final]
	at org.hibernate.sql.exec.spi.JdbcSelectExecutor.list(JdbcSelectExecutor.java:76) ~[hibernate-core-6.4.4.Final.jar!/:6.4.4.Final]
	at org.hibernate.sql.exec.spi.JdbcSelectExecutor.list(JdbcSelectExecutor.java:65) ~[hibernate-core-6.4.4.Final.jar!/:6.4.4.Final]
	at org.hibernate.query.sqm.internal.ConcreteSqmSelectQueryPlan.lambda$new$2(ConcreteSqmSelectQueryPlan.java:137) ~[hibernate-core-6.4.4.Final.jar!/:6.4.4.Final]
	at org.hibernate.query.sqm.internal.ConcreteSqmSelectQueryPlan.withCacheableSqmInterpretation(ConcreteSqmSelectQueryPlan.java:362) ~[hibernate-core-6.4.4.Final.jar!/:6.4.4.Final]
	at org.hibernate.query.sqm.internal.ConcreteSqmSelectQueryPlan.performList(ConcreteSqmSelectQueryPlan.java:303) ~[hibernate-core-6.4.4.Final.jar!/:6.4.4.Final]
	at org.hibernate.query.sqm.internal.QuerySqmImpl.doList(QuerySqmImpl.java:509) ~[hibernate-core-6.4.4.Final.jar!/:6.4.4.Final]
	at org.hibernate.query.spi.AbstractSelectionQuery.list(AbstractSelectionQuery.java:427) ~[hibernate-core-6.4.4.Final.jar!/:6.4.4.Final]
	at org.hibernate.query.Query.getResultList(Query.java:120) ~[hibernate-core-6.4.4.Final.jar!/:6.4.4.Final]
	at java.base/jdk.internal.reflect.DirectMethodHandleAccessor.invoke(DirectMethodHandleAccessor.java:104) ~[na:na]
	at java.base/java.lang.reflect.Method.invoke(Method.java:565) ~[na:na]
	at org.springframework.orm.jpa.SharedEntityManagerCreator$DeferredQueryInvocationHandler.invoke(SharedEntityManagerCreator.java:415) ~[spring-orm-6.1.6.jar!/:6.1.6]
	at jdk.proxy2/jdk.proxy2.$Proxy157.getResultList(Unknown Source) ~[na:na]
	at org.springframework.data.jpa.repository.query.JpaQueryExecution$CollectionExecution.doExecute(JpaQueryExecution.java:129) ~[spring-data-jpa-3.2.5.jar!/:3.2.5]
	at org.springframework.data.jpa.repository.query.JpaQueryExecution.execute(JpaQueryExecution.java:92) ~[spring-data-jpa-3.2.5.jar!/:3.2.5]
	at org.springframework.data.jpa.repository.query.AbstractJpaQuery.doExecute(AbstractJpaQuery.java:149) ~[spring-data-jpa-3.2.5.jar!/:3.2.5]
	at org.springframework.data.jpa.repository.query.AbstractJpaQuery.execute(AbstractJpaQuery.java:137) ~[spring-data-jpa-3.2.5.jar!/:3.2.5]
	at org.springframework.data.repository.core.support.RepositoryMethodInvoker.doInvoke(RepositoryMethodInvoker.java:170) ~[spring-data-commons-3.2.5.jar!/:3.2.5]
	at org.springframework.data.repository.core.support.RepositoryMethodInvoker.invoke(RepositoryMethodInvoker.java:158) ~[spring-data-commons-3.2.5.jar!/:3.2.5]
	at org.springframework.data.repository.core.support.QueryExecutorMethodInterceptor.doInvoke(QueryExecutorMethodInterceptor.java:164) ~[spring-data-commons-3.2.5.jar!/:3.2.5]
	at org.springframework.data.repository.core.support.QueryExecutorMethodInterceptor.invoke(QueryExecutorMethodInterceptor.java:143) ~[spring-data-commons-3.2.5.jar!/:3.2.5]
	at org.springframework.aop.framework.ReflectiveMethodInvocation.proceed(ReflectiveMethodInvocation.java:184) ~[spring-aop-6.1.6.jar!/:6.1.6]
	at org.springframework.data.projection.DefaultMethodInvokingMethodInterceptor.invoke(DefaultMethodInvokingMethodInterceptor.java:70) ~[spring-data-commons-3.2.5.jar!/:3.2.5]
	at org.springframework.aop.framework.ReflectiveMethodInvocation.proceed(ReflectiveMethodInvocation.java:184) ~[spring-aop-6.1.6.jar!/:6.1.6]
	at org.springframework.transaction.interceptor.TransactionInterceptor$1.proceedWithInvocation(TransactionInterceptor.java:123) ~[spring-tx-6.1.6.jar!/:6.1.6]
	at org.springframework.transaction.interceptor.TransactionAspectSupport.invokeWithinTransaction(TransactionAspectSupport.java:392) ~[spring-tx-6.1.6.jar!/:6.1.6]
	at org.springframework.transaction.interceptor.TransactionInterceptor.invoke(TransactionInterceptor.java:119) ~[spring-tx-6.1.6.jar!/:6.1.6]
	at org.springframework.aop.framework.ReflectiveMethodInvocation.proceed(ReflectiveMethodInvocation.java:184) ~[spring-aop-6.1.6.jar!/:6.1.6]
	at org.springframework.dao.support.PersistenceExceptionTranslationInterceptor.invoke(PersistenceExceptionTranslationInterceptor.java:137) ~[spring-tx-6.1.6.jar!/:6.1.6]
	... 21 common frames omitted
Caused by: java.sql.SQLSyntaxErrorException: Table 'railway.auction_sessions' doesn't exist
	at com.mysql.cj.jdbc.exceptions.SQLError.createSQLException(SQLError.java:121) ~[mysql-connector-j-8.3.0.jar!/:8.3.0]
	at com.mysql.cj.jdbc.exceptions.SQLExceptionsMapping.translateException(SQLExceptionsMapping.java:122) ~[mysql-connector-j-8.3.0.jar!/:8.3.0]
	at com.mysql.cj.jdbc.ClientPreparedStatement.executeInternal(ClientPreparedStatement.java:912) ~[mysql-connector-j-8.3.0.jar!/:8.3.0]
	at com.mysql.cj.jdbc.ClientPreparedStatement.executeQuery(ClientPreparedStatement.java:968) ~[mysql-connector-j-8.3.0.jar!/:8.3.0]
	at com.zaxxer.hikari.pool.ProxyPreparedStatement.executeQuery(ProxyPreparedStatement.java:52) ~[HikariCP-5.0.1.jar!/:na]
	at com.zaxxer.hikari.pool.HikariProxyPreparedStatement.executeQuery(HikariProxyPreparedStatement.java) ~[HikariCP-5.0.1.jar!/:na]
	at org.hibernate.sql.results.jdbc.internal.DeferredResultSetAccess.executeQuery(DeferredResultSetAccess.java:246) ~[hibernate-core-6.4.4.Final.jar!/:6.4.4.Final]
	... 58 common frames omitted

2026-05-26T00:31:51.893+07:00  WARN 15700 --- [auctionweb] [auction-sched-2] o.h.engine.jdbc.spi.SqlExceptionHelper   : SQL Error: 1146, SQLState: 42S02
2026-05-26T00:31:51.893+07:00 ERROR 15700 --- [auctionweb] [auction-sched-2] o.h.engine.jdbc.spi.SqlExceptionHelper   : Table 'railway.auction_sessions' doesn't exist
2026-05-26T00:31:51.894+07:00 ERROR 15700 --- [auctionweb] [auction-sched-2] o.s.s.s.TaskUtils$LoggingErrorHandler    : Unexpected error occurred in scheduled task

org.springframework.dao.InvalidDataAccessResourceUsageException: JDBC exception executing SQL [select a1_0.id,a1_0.bid_count,a1_0.category,a1_0.created_at,a1_0.current_price,a1_0.description,a1_0.end_time,a1_0.item_id,a1_0.seller_id,a1_0.start_time,a1_0.starting_price,a1_0.status,a1_0.title,a1_0.updated_at,a1_0.version,a1_0.winner_id from auction_sessions a1_0 where a1_0.status=? and a1_0.end_time<?] [Table 'railway.auction_sessions' doesn't exist] [n/a]; SQL [n/a]
	at org.springframework.orm.jpa.vendor.HibernateJpaDialect.convertHibernateAccessException(HibernateJpaDialect.java:277) ~[spring-orm-6.1.6.jar!/:6.1.6]
	at org.springframework.orm.jpa.vendor.HibernateJpaDialect.translateExceptionIfPossible(HibernateJpaDialect.java:241) ~[spring-orm-6.1.6.jar!/:6.1.6]
	at org.springframework.orm.jpa.AbstractEntityManagerFactoryBean.translateExceptionIfPossible(AbstractEntityManagerFactoryBean.java:550) ~[spring-orm-6.1.6.jar!/:6.1.6]
	at org.springframework.dao.support.ChainedPersistenceExceptionTranslator.translateExceptionIfPossible(ChainedPersistenceExceptionTranslator.java:61) ~[spring-tx-6.1.6.jar!/:6.1.6]
	at org.springframework.dao.support.DataAccessUtils.translateIfNecessary(DataAccessUtils.java:335) ~[spring-tx-6.1.6.jar!/:6.1.6]
	at org.springframework.dao.support.PersistenceExceptionTranslationInterceptor.invoke(PersistenceExceptionTranslationInterceptor.java:152) ~[spring-tx-6.1.6.jar!/:6.1.6]
	at org.springframework.aop.framework.ReflectiveMethodInvocation.proceed(ReflectiveMethodInvocation.java:184) ~[spring-aop-6.1.6.jar!/:6.1.6]
	at org.springframework.data.jpa.repository.support.CrudMethodMetadataPostProcessor$CrudMethodMetadataPopulatingMethodInterceptor.invoke(CrudMethodMetadataPostProcessor.java:135) ~[spring-data-jpa-3.2.5.jar!/:3.2.5]
	at org.springframework.aop.framework.ReflectiveMethodInvocation.proceed(ReflectiveMethodInvocation.java:184) ~[spring-aop-6.1.6.jar!/:6.1.6]
	at org.springframework.aop.interceptor.ExposeInvocationInterceptor.invoke(ExposeInvocationInterceptor.java:97) ~[spring-aop-6.1.6.jar!/:6.1.6]
	at org.springframework.aop.framework.ReflectiveMethodInvocation.proceed(ReflectiveMethodInvocation.java:184) ~[spring-aop-6.1.6.jar!/:6.1.6]
	at org.springframework.aop.framework.JdkDynamicAopProxy.invoke(JdkDynamicAopProxy.java:223) ~[spring-aop-6.1.6.jar!/:6.1.6]
	at jdk.proxy2/jdk.proxy2.$Proxy143.findByStatusAndEndTimeBefore(Unknown Source) ~[na:na]
	at com.nhom4project.auctionweb.backend.service.AuctionScheduler.checkExpiredAuctions(AuctionScheduler.java:43) ~[!/:0.0.1-SNAPSHOT]
	at java.base/jdk.internal.reflect.DirectMethodHandleAccessor.invoke(DirectMethodHandleAccessor.java:104) ~[na:na]
	at java.base/java.lang.reflect.Method.invoke(Method.java:565) ~[na:na]
	at org.springframework.scheduling.support.ScheduledMethodRunnable.runInternal(ScheduledMethodRunnable.java:130) ~[spring-context-6.1.6.jar!/:6.1.6]
	at org.springframework.scheduling.support.ScheduledMethodRunnable.lambda$run$2(ScheduledMethodRunnable.java:124) ~[spring-context-6.1.6.jar!/:6.1.6]
	at io.micrometer.observation.Observation.observe(Observation.java:499) ~[micrometer-observation-1.12.5.jar!/:1.12.5]
	at org.springframework.scheduling.support.ScheduledMethodRunnable.run(ScheduledMethodRunnable.java:124) ~[spring-context-6.1.6.jar!/:6.1.6]
	at org.springframework.scheduling.support.DelegatingErrorHandlingRunnable.run(DelegatingErrorHandlingRunnable.java:54) ~[spring-context-6.1.6.jar!/:6.1.6]
	at java.base/java.util.concurrent.Executors$RunnableAdapter.call(Executors.java:545) ~[na:na]
	at java.base/java.util.concurrent.FutureTask.runAndReset(FutureTask.java:369) ~[na:na]
	at java.base/java.util.concurrent.ScheduledThreadPoolExecutor$ScheduledFutureTask.run(ScheduledThreadPoolExecutor.java:310) ~[na:na]
	at java.base/java.util.concurrent.ThreadPoolExecutor.runWorker(ThreadPoolExecutor.java:1090) ~[na:na]
	at java.base/java.util.concurrent.ThreadPoolExecutor$Worker.run(ThreadPoolExecutor.java:614) ~[na:na]
	at java.base/java.lang.Thread.run(Thread.java:1474) ~[na:na]
Caused by: org.hibernate.exception.SQLGrammarException: JDBC exception executing SQL [select a1_0.id,a1_0.bid_count,a1_0.category,a1_0.created_at,a1_0.current_price,a1_0.description,a1_0.end_time,a1_0.item_id,a1_0.seller_id,a1_0.start_time,a1_0.starting_price,a1_0.status,a1_0.title,a1_0.updated_at,a1_0.version,a1_0.winner_id from auction_sessions a1_0 where a1_0.status=? and a1_0.end_time<?] [Table 'railway.auction_sessions' doesn't exist] [n/a]
	at org.hibernate.exception.internal.SQLExceptionTypeDelegate.convert(SQLExceptionTypeDelegate.java:66) ~[hibernate-core-6.4.4.Final.jar!/:6.4.4.Final]
	at org.hibernate.exception.internal.StandardSQLExceptionConverter.convert(StandardSQLExceptionConverter.java:58) ~[hibernate-core-6.4.4.Final.jar!/:6.4.4.Final]
	at org.hibernate.engine.jdbc.spi.SqlExceptionHelper.convert(SqlExceptionHelper.java:108) ~[hibernate-core-6.4.4.Final.jar!/:6.4.4.Final]
	at org.hibernate.engine.jdbc.spi.SqlExceptionHelper.convert(SqlExceptionHelper.java:94) ~[hibernate-core-6.4.4.Final.jar!/:6.4.4.Final]
	at org.hibernate.sql.results.jdbc.internal.DeferredResultSetAccess.executeQuery(DeferredResultSetAccess.java:265) ~[hibernate-core-6.4.4.Final.jar!/:6.4.4.Final]
	at org.hibernate.sql.results.jdbc.internal.DeferredResultSetAccess.getResultSet(DeferredResultSetAccess.java:167) ~[hibernate-core-6.4.4.Final.jar!/:6.4.4.Final]
	at org.hibernate.sql.results.jdbc.internal.JdbcValuesResultSetImpl.advanceNext(JdbcValuesResultSetImpl.java:218) ~[hibernate-core-6.4.4.Final.jar!/:6.4.4.Final]
	at org.hibernate.sql.results.jdbc.internal.JdbcValuesResultSetImpl.processNext(JdbcValuesResultSetImpl.java:98) ~[hibernate-core-6.4.4.Final.jar!/:6.4.4.Final]
	at org.hibernate.sql.results.jdbc.internal.AbstractJdbcValues.next(AbstractJdbcValues.java:19) ~[hibernate-core-6.4.4.Final.jar!/:6.4.4.Final]
	at org.hibernate.sql.results.internal.RowProcessingStateStandardImpl.next(RowProcessingStateStandardImpl.java:66) ~[hibernate-core-6.4.4.Final.jar!/:6.4.4.Final]
	at org.hibernate.sql.results.spi.ListResultsConsumer.consume(ListResultsConsumer.java:202) ~[hibernate-core-6.4.4.Final.jar!/:6.4.4.Final]
	at org.hibernate.sql.results.spi.ListResultsConsumer.consume(ListResultsConsumer.java:33) ~[hibernate-core-6.4.4.Final.jar!/:6.4.4.Final]
	at org.hibernate.sql.exec.internal.JdbcSelectExecutorStandardImpl.doExecuteQuery(JdbcSelectExecutorStandardImpl.java:209) ~[hibernate-core-6.4.4.Final.jar!/:6.4.4.Final]
	at org.hibernate.sql.exec.internal.JdbcSelectExecutorStandardImpl.executeQuery(JdbcSelectExecutorStandardImpl.java:83) ~[hibernate-core-6.4.4.Final.jar!/:6.4.4.Final]
	at org.hibernate.sql.exec.spi.JdbcSelectExecutor.list(JdbcSelectExecutor.java:76) ~[hibernate-core-6.4.4.Final.jar!/:6.4.4.Final]
	at org.hibernate.sql.exec.spi.JdbcSelectExecutor.list(JdbcSelectExecutor.java:65) ~[hibernate-core-6.4.4.Final.jar!/:6.4.4.Final]
	at org.hibernate.query.sqm.internal.ConcreteSqmSelectQueryPlan.lambda$new$2(ConcreteSqmSelectQueryPlan.java:137) ~[hibernate-core-6.4.4.Final.jar!/:6.4.4.Final]
	at org.hibernate.query.sqm.internal.ConcreteSqmSelectQueryPlan.withCacheableSqmInterpretation(ConcreteSqmSelectQueryPlan.java:362) ~[hibernate-core-6.4.4.Final.jar!/:6.4.4.Final]
	at org.hibernate.query.sqm.internal.ConcreteSqmSelectQueryPlan.performList(ConcreteSqmSelectQueryPlan.java:303) ~[hibernate-core-6.4.4.Final.jar!/:6.4.4.Final]
	at org.hibernate.query.sqm.internal.QuerySqmImpl.doList(QuerySqmImpl.java:509) ~[hibernate-core-6.4.4.Final.jar!/:6.4.4.Final]
	at org.hibernate.query.spi.AbstractSelectionQuery.list(AbstractSelectionQuery.java:427) ~[hibernate-core-6.4.4.Final.jar!/:6.4.4.Final]
	at org.hibernate.query.Query.getResultList(Query.java:120) ~[hibernate-core-6.4.4.Final.jar!/:6.4.4.Final]
	at java.base/jdk.internal.reflect.DirectMethodHandleAccessor.invoke(DirectMethodHandleAccessor.java:104) ~[na:na]
	at java.base/java.lang.reflect.Method.invoke(Method.java:565) ~[na:na]
	at org.springframework.orm.jpa.SharedEntityManagerCreator$DeferredQueryInvocationHandler.invoke(SharedEntityManagerCreator.java:415) ~[spring-orm-6.1.6.jar!/:6.1.6]
	at jdk.proxy2/jdk.proxy2.$Proxy157.getResultList(Unknown Source) ~[na:na]
	at org.springframework.data.jpa.repository.query.JpaQueryExecution$CollectionExecution.doExecute(JpaQueryExecution.java:129) ~[spring-data-jpa-3.2.5.jar!/:3.2.5]
	at org.springframework.data.jpa.repository.query.JpaQueryExecution.execute(JpaQueryExecution.java:92) ~[spring-data-jpa-3.2.5.jar!/:3.2.5]
	at org.springframework.data.jpa.repository.query.AbstractJpaQuery.doExecute(AbstractJpaQuery.java:149) ~[spring-data-jpa-3.2.5.jar!/:3.2.5]
	at org.springframework.data.jpa.repository.query.AbstractJpaQuery.execute(AbstractJpaQuery.java:137) ~[spring-data-jpa-3.2.5.jar!/:3.2.5]
	at org.springframework.data.repository.core.support.RepositoryMethodInvoker.doInvoke(RepositoryMethodInvoker.java:170) ~[spring-data-commons-3.2.5.jar!/:3.2.5]
	at org.springframework.data.repository.core.support.RepositoryMethodInvoker.invoke(RepositoryMethodInvoker.java:158) ~[spring-data-commons-3.2.5.jar!/:3.2.5]
	at org.springframework.data.repository.core.support.QueryExecutorMethodInterceptor.doInvoke(QueryExecutorMethodInterceptor.java:164) ~[spring-data-commons-3.2.5.jar!/:3.2.5]
	at org.springframework.data.repository.core.support.QueryExecutorMethodInterceptor.invoke(QueryExecutorMethodInterceptor.java:143) ~[spring-data-commons-3.2.5.jar!/:3.2.5]
	at org.springframework.aop.framework.ReflectiveMethodInvocation.proceed(ReflectiveMethodInvocation.java:184) ~[spring-aop-6.1.6.jar!/:6.1.6]
	at org.springframework.data.projection.DefaultMethodInvokingMethodInterceptor.invoke(DefaultMethodInvokingMethodInterceptor.java:70) ~[spring-data-commons-3.2.5.jar!/:3.2.5]
	at org.springframework.aop.framework.ReflectiveMethodInvocation.proceed(ReflectiveMethodInvocation.java:184) ~[spring-aop-6.1.6.jar!/:6.1.6]
	at org.springframework.transaction.interceptor.TransactionInterceptor$1.proceedWithInvocation(TransactionInterceptor.java:123) ~[spring-tx-6.1.6.jar!/:6.1.6]
	at org.springframework.transaction.interceptor.TransactionAspectSupport.invokeWithinTransaction(TransactionAspectSupport.java:392) ~[spring-tx-6.1.6.jar!/:6.1.6]
	at org.springframework.transaction.interceptor.TransactionInterceptor.invoke(TransactionInterceptor.java:119) ~[spring-tx-6.1.6.jar!/:6.1.6]
	at org.springframework.aop.framework.ReflectiveMethodInvocation.proceed(ReflectiveMethodInvocation.java:184) ~[spring-aop-6.1.6.jar!/:6.1.6]
	at org.springframework.dao.support.PersistenceExceptionTranslationInterceptor.invoke(PersistenceExceptionTranslationInterceptor.java:137) ~[spring-tx-6.1.6.jar!/:6.1.6]
	... 21 common frames omitted
Caused by: java.sql.SQLSyntaxErrorException: Table 'railway.auction_sessions' doesn't exist
	at com.mysql.cj.jdbc.exceptions.SQLError.createSQLException(SQLError.java:121) ~[mysql-connector-j-8.3.0.jar!/:8.3.0]
	at com.mysql.cj.jdbc.exceptions.SQLExceptionsMapping.translateException(SQLExceptionsMapping.java:122) ~[mysql-connector-j-8.3.0.jar!/:8.3.0]
	at com.mysql.cj.jdbc.ClientPreparedStatement.executeInternal(ClientPreparedStatement.java:912) ~[mysql-connector-j-8.3.0.jar!/:8.3.0]
	at com.mysql.cj.jdbc.ClientPreparedStatement.executeQuery(ClientPreparedStatement.java:968) ~[mysql-connector-j-8.3.0.jar!/:8.3.0]
	at com.zaxxer.hikari.pool.ProxyPreparedStatement.executeQuery(ProxyPreparedStatement.java:52) ~[HikariCP-5.0.1.jar!/:na]
	at com.zaxxer.hikari.pool.HikariProxyPreparedStatement.executeQuery(HikariProxyPreparedStatement.java) ~[HikariCP-5.0.1.jar!/:na]
	at org.hibernate.sql.results.jdbc.internal.DeferredResultSetAccess.executeQuery(DeferredResultSetAccess.java:246) ~[hibernate-core-6.4.4.Final.jar!/:6.4.4.Final]
	... 58 common frames omitted

2026-05-26T00:31:56.872+07:00  WARN 15700 --- [auctionweb] [auction-sched-2] o.h.engine.jdbc.spi.SqlExceptionHelper   : SQL Error: 1146, SQLState: 42S02
2026-05-26T00:31:56.872+07:00 ERROR 15700 --- [auctionweb] [auction-sched-2] o.h.engine.jdbc.spi.SqlExceptionHelper   : Table 'railway.auction_sessions' doesn't exist
2026-05-26T00:31:56.872+07:00 ERROR 15700 --- [auctionweb] [auction-sched-2] o.s.s.s.TaskUtils$LoggingErrorHandler    : Unexpected error occurred in scheduled task

org.springframework.dao.InvalidDataAccessResourceUsageException: JDBC exception executing SQL [select a1_0.id,a1_0.bid_count,a1_0.category,a1_0.created_at,a1_0.current_price,a1_0.description,a1_0.end_time,a1_0.item_id,a1_0.seller_id,a1_0.start_time,a1_0.starting_price,a1_0.status,a1_0.title,a1_0.updated_at,a1_0.version,a1_0.winner_id from auction_sessions a1_0 where a1_0.status=? and a1_0.end_time<?] [Table 'railway.auction_sessions' doesn't exist] [n/a]; SQL [n/a]
	at org.springframework.orm.jpa.vendor.HibernateJpaDialect.convertHibernateAccessException(HibernateJpaDialect.java:277) ~[spring-orm-6.1.6.jar!/:6.1.6]
	at org.springframework.orm.jpa.vendor.HibernateJpaDialect.translateExceptionIfPossible(HibernateJpaDialect.java:241) ~[spring-orm-6.1.6.jar!/:6.1.6]
	at org.springframework.orm.jpa.AbstractEntityManagerFactoryBean.translateExceptionIfPossible(AbstractEntityManagerFactoryBean.java:550) ~[spring-orm-6.1.6.jar!/:6.1.6]
	at org.springframework.dao.support.ChainedPersistenceExceptionTranslator.translateExceptionIfPossible(ChainedPersistenceExceptionTranslator.java:61) ~[spring-tx-6.1.6.jar!/:6.1.6]
	at org.springframework.dao.support.DataAccessUtils.translateIfNecessary(DataAccessUtils.java:335) ~[spring-tx-6.1.6.jar!/:6.1.6]
	at org.springframework.dao.support.PersistenceExceptionTranslationInterceptor.invoke(PersistenceExceptionTranslationInterceptor.java:152) ~[spring-tx-6.1.6.jar!/:6.1.6]
	at org.springframework.aop.framework.ReflectiveMethodInvocation.proceed(ReflectiveMethodInvocation.java:184) ~[spring-aop-6.1.6.jar!/:6.1.6]
	at org.springframework.data.jpa.repository.support.CrudMethodMetadataPostProcessor$CrudMethodMetadataPopulatingMethodInterceptor.invoke(CrudMethodMetadataPostProcessor.java:135) ~[spring-data-jpa-3.2.5.jar!/:3.2.5]
	at org.springframework.aop.framework.ReflectiveMethodInvocation.proceed(ReflectiveMethodInvocation.java:184) ~[spring-aop-6.1.6.jar!/:6.1.6]
	at org.springframework.aop.interceptor.ExposeInvocationInterceptor.invoke(ExposeInvocationInterceptor.java:97) ~[spring-aop-6.1.6.jar!/:6.1.6]
	at org.springframework.aop.framework.ReflectiveMethodInvocation.proceed(ReflectiveMethodInvocation.java:184) ~[spring-aop-6.1.6.jar!/:6.1.6]
	at org.springframework.aop.framework.JdkDynamicAopProxy.invoke(JdkDynamicAopProxy.java:223) ~[spring-aop-6.1.6.jar!/:6.1.6]
	at jdk.proxy2/jdk.proxy2.$Proxy143.findByStatusAndEndTimeBefore(Unknown Source) ~[na:na]
	at com.nhom4project.auctionweb.backend.service.AuctionScheduler.checkExpiredAuctions(AuctionScheduler.java:43) ~[!/:0.0.1-SNAPSHOT]
	at java.base/jdk.internal.reflect.DirectMethodHandleAccessor.invoke(DirectMethodHandleAccessor.java:104) ~[na:na]
	at java.base/java.lang.reflect.Method.invoke(Method.java:565) ~[na:na]
	at org.springframework.scheduling.support.ScheduledMethodRunnable.runInternal(ScheduledMethodRunnable.java:130) ~[spring-context-6.1.6.jar!/:6.1.6]
	at org.springframework.scheduling.support.ScheduledMethodRunnable.lambda$run$2(ScheduledMethodRunnable.java:124) ~[spring-context-6.1.6.jar!/:6.1.6]
	at io.micrometer.observation.Observation.observe(Observation.java:499) ~[micrometer-observation-1.12.5.jar!/:1.12.5]
	at org.springframework.scheduling.support.ScheduledMethodRunnable.run(ScheduledMethodRunnable.java:124) ~[spring-context-6.1.6.jar!/:6.1.6]
	at org.springframework.scheduling.support.DelegatingErrorHandlingRunnable.run(DelegatingErrorHandlingRunnable.java:54) ~[spring-context-6.1.6.jar!/:6.1.6]
	at java.base/java.util.concurrent.Executors$RunnableAdapter.call(Executors.java:545) ~[na:na]
	at java.base/java.util.concurrent.FutureTask.runAndReset(FutureTask.java:369) ~[na:na]
	at java.base/java.util.concurrent.ScheduledThreadPoolExecutor$ScheduledFutureTask.run(ScheduledThreadPoolExecutor.java:310) ~[na:na]
	at java.base/java.util.concurrent.ThreadPoolExecutor.runWorker(ThreadPoolExecutor.java:1090) ~[na:na]
	at java.base/java.util.concurrent.ThreadPoolExecutor$Worker.run(ThreadPoolExecutor.java:614) ~[na:na]
	at java.base/java.lang.Thread.run(Thread.java:1474) ~[na:na]
Caused by: org.hibernate.exception.SQLGrammarException: JDBC exception executing SQL [select a1_0.id,a1_0.bid_count,a1_0.category,a1_0.created_at,a1_0.current_price,a1_0.description,a1_0.end_time,a1_0.item_id,a1_0.seller_id,a1_0.start_time,a1_0.starting_price,a1_0.status,a1_0.title,a1_0.updated_at,a1_0.version,a1_0.winner_id from auction_sessions a1_0 where a1_0.status=? and a1_0.end_time<?] [Table 'railway.auction_sessions' doesn't exist] [n/a]
	at org.hibernate.exception.internal.SQLExceptionTypeDelegate.convert(SQLExceptionTypeDelegate.java:66) ~[hibernate-core-6.4.4.Final.jar!/:6.4.4.Final]
	at org.hibernate.exception.internal.StandardSQLExceptionConverter.convert(StandardSQLExceptionConverter.java:58) ~[hibernate-core-6.4.4.Final.jar!/:6.4.4.Final]
	at org.hibernate.engine.jdbc.spi.SqlExceptionHelper.convert(SqlExceptionHelper.java:108) ~[hibernate-core-6.4.4.Final.jar!/:6.4.4.Final]
	at org.hibernate.engine.jdbc.spi.SqlExceptionHelper.convert(SqlExceptionHelper.java:94) ~[hibernate-core-6.4.4.Final.jar!/:6.4.4.Final]
	at org.hibernate.sql.results.jdbc.internal.DeferredResultSetAccess.executeQuery(DeferredResultSetAccess.java:265) ~[hibernate-core-6.4.4.Final.jar!/:6.4.4.Final]
	at org.hibernate.sql.results.jdbc.internal.DeferredResultSetAccess.getResultSet(DeferredResultSetAccess.java:167) ~[hibernate-core-6.4.4.Final.jar!/:6.4.4.Final]
	at org.hibernate.sql.results.jdbc.internal.JdbcValuesResultSetImpl.advanceNext(JdbcValuesResultSetImpl.java:218) ~[hibernate-core-6.4.4.Final.jar!/:6.4.4.Final]
	at org.hibernate.sql.results.jdbc.internal.JdbcValuesResultSetImpl.processNext(JdbcValuesResultSetImpl.java:98) ~[hibernate-core-6.4.4.Final.jar!/:6.4.4.Final]
	at org.hibernate.sql.results.jdbc.internal.AbstractJdbcValues.next(AbstractJdbcValues.java:19) ~[hibernate-core-6.4.4.Final.jar!/:6.4.4.Final]
	at org.hibernate.sql.results.internal.RowProcessingStateStandardImpl.next(RowProcessingStateStandardImpl.java:66) ~[hibernate-core-6.4.4.Final.jar!/:6.4.4.Final]
	at org.hibernate.sql.results.spi.ListResultsConsumer.consume(ListResultsConsumer.java:202) ~[hibernate-core-6.4.4.Final.jar!/:6.4.4.Final]
	at org.hibernate.sql.results.spi.ListResultsConsumer.consume(ListResultsConsumer.java:33) ~[hibernate-core-6.4.4.Final.jar!/:6.4.4.Final]
	at org.hibernate.sql.exec.internal.JdbcSelectExecutorStandardImpl.doExecuteQuery(JdbcSelectExecutorStandardImpl.java:209) ~[hibernate-core-6.4.4.Final.jar!/:6.4.4.Final]
	at org.hibernate.sql.exec.internal.JdbcSelectExecutorStandardImpl.executeQuery(JdbcSelectExecutorStandardImpl.java:83) ~[hibernate-core-6.4.4.Final.jar!/:6.4.4.Final]
	at org.hibernate.sql.exec.spi.JdbcSelectExecutor.list(JdbcSelectExecutor.java:76) ~[hibernate-core-6.4.4.Final.jar!/:6.4.4.Final]
	at org.hibernate.sql.exec.spi.JdbcSelectExecutor.list(JdbcSelectExecutor.java:65) ~[hibernate-core-6.4.4.Final.jar!/:6.4.4.Final]
	at org.hibernate.query.sqm.internal.ConcreteSqmSelectQueryPlan.lambda$new$2(ConcreteSqmSelectQueryPlan.java:137) ~[hibernate-core-6.4.4.Final.jar!/:6.4.4.Final]
	at org.hibernate.query.sqm.internal.ConcreteSqmSelectQueryPlan.withCacheableSqmInterpretation(ConcreteSqmSelectQueryPlan.java:362) ~[hibernate-core-6.4.4.Final.jar!/:6.4.4.Final]
	at org.hibernate.query.sqm.internal.ConcreteSqmSelectQueryPlan.performList(ConcreteSqmSelectQueryPlan.java:303) ~[hibernate-core-6.4.4.Final.jar!/:6.4.4.Final]
	at org.hibernate.query.sqm.internal.QuerySqmImpl.doList(QuerySqmImpl.java:509) ~[hibernate-core-6.4.4.Final.jar!/:6.4.4.Final]
	at org.hibernate.query.spi.AbstractSelectionQuery.list(AbstractSelectionQuery.java:427) ~[hibernate-core-6.4.4.Final.jar!/:6.4.4.Final]
	at org.hibernate.query.Query.getResultList(Query.java:120) ~[hibernate-core-6.4.4.Final.jar!/:6.4.4.Final]
	at java.base/jdk.internal.reflect.DirectMethodHandleAccessor.invoke(DirectMethodHandleAccessor.java:104) ~[na:na]
	at java.base/java.lang.reflect.Method.invoke(Method.java:565) ~[na:na]
	at org.springframework.orm.jpa.SharedEntityManagerCreator$DeferredQueryInvocationHandler.invoke(SharedEntityManagerCreator.java:415) ~[spring-orm-6.1.6.jar!/:6.1.6]
	at jdk.proxy2/jdk.proxy2.$Proxy157.getResultList(Unknown Source) ~[na:na]
	at org.springframework.data.jpa.repository.query.JpaQueryExecution$CollectionExecution.doExecute(JpaQueryExecution.java:129) ~[spring-data-jpa-3.2.5.jar!/:3.2.5]
	at org.springframework.data.jpa.repository.query.JpaQueryExecution.execute(JpaQueryExecution.java:92) ~[spring-data-jpa-3.2.5.jar!/:3.2.5]
	at org.springframework.data.jpa.repository.query.AbstractJpaQuery.doExecute(AbstractJpaQuery.java:149) ~[spring-data-jpa-3.2.5.jar!/:3.2.5]
	at org.springframework.data.jpa.repository.query.AbstractJpaQuery.execute(AbstractJpaQuery.java:137) ~[spring-data-jpa-3.2.5.jar!/:3.2.5]
	at org.springframework.data.repository.core.support.RepositoryMethodInvoker.doInvoke(RepositoryMethodInvoker.java:170) ~[spring-data-commons-3.2.5.jar!/:3.2.5]
	at org.springframework.data.repository.core.support.RepositoryMethodInvoker.invoke(RepositoryMethodInvoker.java:158) ~[spring-data-commons-3.2.5.jar!/:3.2.5]
	at org.springframework.data.repository.core.support.QueryExecutorMethodInterceptor.doInvoke(QueryExecutorMethodInterceptor.java:164) ~[spring-data-commons-3.2.5.jar!/:3.2.5]
	at org.springframework.data.repository.core.support.QueryExecutorMethodInterceptor.invoke(QueryExecutorMethodInterceptor.java:143) ~[spring-data-commons-3.2.5.jar!/:3.2.5]
	at org.springframework.aop.framework.ReflectiveMethodInvocation.proceed(ReflectiveMethodInvocation.java:184) ~[spring-aop-6.1.6.jar!/:6.1.6]
	at org.springframework.data.projection.DefaultMethodInvokingMethodInterceptor.invoke(DefaultMethodInvokingMethodInterceptor.java:70) ~[spring-data-commons-3.2.5.jar!/:3.2.5]
	at org.springframework.aop.framework.ReflectiveMethodInvocation.proceed(ReflectiveMethodInvocation.java:184) ~[spring-aop-6.1.6.jar!/:6.1.6]
	at org.springframework.transaction.interceptor.TransactionInterceptor$1.proceedWithInvocation(TransactionInterceptor.java:123) ~[spring-tx-6.1.6.jar!/:6.1.6]
	at org.springframework.transaction.interceptor.TransactionAspectSupport.invokeWithinTransaction(TransactionAspectSupport.java:392) ~[spring-tx-6.1.6.jar!/:6.1.6]
	at org.springframework.transaction.interceptor.TransactionInterceptor.invoke(TransactionInterceptor.java:119) ~[spring-tx-6.1.6.jar!/:6.1.6]
	at org.springframework.aop.framework.ReflectiveMethodInvocation.proceed(ReflectiveMethodInvocation.java:184) ~[spring-aop-6.1.6.jar!/:6.1.6]
	at org.springframework.dao.support.PersistenceExceptionTranslationInterceptor.invoke(PersistenceExceptionTranslationInterceptor.java:137) ~[spring-tx-6.1.6.jar!/:6.1.6]
	... 21 common frames omitted
Caused by: java.sql.SQLSyntaxErrorException: Table 'railway.auction_sessions' doesn't exist
	at com.mysql.cj.jdbc.exceptions.SQLError.createSQLException(SQLError.java:121) ~[mysql-connector-j-8.3.0.jar!/:8.3.0]
	at com.mysql.cj.jdbc.exceptions.SQLExceptionsMapping.translateException(SQLExceptionsMapping.java:122) ~[mysql-connector-j-8.3.0.jar!/:8.3.0]
	at com.mysql.cj.jdbc.ClientPreparedStatement.executeInternal(ClientPreparedStatement.java:912) ~[mysql-connector-j-8.3.0.jar!/:8.3.0]
	at com.mysql.cj.jdbc.ClientPreparedStatement.executeQuery(ClientPreparedStatement.java:968) ~[mysql-connector-j-8.3.0.jar!/:8.3.0]
	at com.zaxxer.hikari.pool.ProxyPreparedStatement.executeQuery(ProxyPreparedStatement.java:52) ~[HikariCP-5.0.1.jar!/:na]
	at com.zaxxer.hikari.pool.HikariProxyPreparedStatement.executeQuery(HikariProxyPreparedStatement.java) ~[HikariCP-5.0.1.jar!/:na]
	at org.hibernate.sql.results.jdbc.internal.DeferredResultSetAccess.executeQuery(DeferredResultSetAccess.java:246) ~[hibernate-core-6.4.4.Final.jar!/:6.4.4.Final]
	... 58 common frames omitted

2026-05-26T00:32:01.864+07:00  WARN 15700 --- [auctionweb] [auction-sched-2] o.h.engine.jdbc.spi.SqlExceptionHelper   : SQL Error: 1146, SQLState: 42S02
2026-05-26T00:32:01.865+07:00 ERROR 15700 --- [auctionweb] [auction-sched-2] o.h.engine.jdbc.spi.SqlExceptionHelper   : Table 'railway.auction_sessions' doesn't exist
2026-05-26T00:32:01.865+07:00 ERROR 15700 --- [auctionweb] [auction-sched-2] o.s.s.s.TaskUtils$LoggingErrorHandler    : Unexpected error occurred in scheduled task

org.springframework.dao.InvalidDataAccessResourceUsageException: JDBC exception executing SQL [select a1_0.id,a1_0.bid_count,a1_0.category,a1_0.created_at,a1_0.current_price,a1_0.description,a1_0.end_time,a1_0.item_id,a1_0.seller_id,a1_0.start_time,a1_0.starting_price,a1_0.status,a1_0.title,a1_0.updated_at,a1_0.version,a1_0.winner_id from auction_sessions a1_0 where a1_0.status=? and a1_0.end_time<?] [Table 'railway.auction_sessions' doesn't exist] [n/a]; SQL [n/a]
	at org.springframework.orm.jpa.vendor.HibernateJpaDialect.convertHibernateAccessException(HibernateJpaDialect.java:277) ~[spring-orm-6.1.6.jar!/:6.1.6]
	at org.springframework.orm.jpa.vendor.HibernateJpaDialect.translateExceptionIfPossible(HibernateJpaDialect.java:241) ~[spring-orm-6.1.6.jar!/:6.1.6]
	at org.springframework.orm.jpa.AbstractEntityManagerFactoryBean.translateExceptionIfPossible(AbstractEntityManagerFactoryBean.java:550) ~[spring-orm-6.1.6.jar!/:6.1.6]
	at org.springframework.dao.support.ChainedPersistenceExceptionTranslator.translateExceptionIfPossible(ChainedPersistenceExceptionTranslator.java:61) ~[spring-tx-6.1.6.jar!/:6.1.6]
	at org.springframework.dao.support.DataAccessUtils.translateIfNecessary(DataAccessUtils.java:335) ~[spring-tx-6.1.6.jar!/:6.1.6]
	at org.springframework.dao.support.PersistenceExceptionTranslationInterceptor.invoke(PersistenceExceptionTranslationInterceptor.java:152) ~[spring-tx-6.1.6.jar!/:6.1.6]
	at org.springframework.aop.framework.ReflectiveMethodInvocation.proceed(ReflectiveMethodInvocation.java:184) ~[spring-aop-6.1.6.jar!/:6.1.6]
	at org.springframework.data.jpa.repository.support.CrudMethodMetadataPostProcessor$CrudMethodMetadataPopulatingMethodInterceptor.invoke(CrudMethodMetadataPostProcessor.java:135) ~[spring-data-jpa-3.2.5.jar!/:3.2.5]
	at org.springframework.aop.framework.ReflectiveMethodInvocation.proceed(ReflectiveMethodInvocation.java:184) ~[spring-aop-6.1.6.jar!/:6.1.6]
	at org.springframework.aop.interceptor.ExposeInvocationInterceptor.invoke(ExposeInvocationInterceptor.java:97) ~[spring-aop-6.1.6.jar!/:6.1.6]
	at org.springframework.aop.framework.ReflectiveMethodInvocation.proceed(ReflectiveMethodInvocation.java:184) ~[spring-aop-6.1.6.jar!/:6.1.6]
	at org.springframework.aop.framework.JdkDynamicAopProxy.invoke(JdkDynamicAopProxy.java:223) ~[spring-aop-6.1.6.jar!/:6.1.6]
	at jdk.proxy2/jdk.proxy2.$Proxy143.findByStatusAndEndTimeBefore(Unknown Source) ~[na:na]
	at com.nhom4project.auctionweb.backend.service.AuctionScheduler.checkExpiredAuctions(AuctionScheduler.java:43) ~[!/:0.0.1-SNAPSHOT]
	at java.base/jdk.internal.reflect.DirectMethodHandleAccessor.invoke(DirectMethodHandleAccessor.java:104) ~[na:na]
	at java.base/java.lang.reflect.Method.invoke(Method.java:565) ~[na:na]
	at org.springframework.scheduling.support.ScheduledMethodRunnable.runInternal(ScheduledMethodRunnable.java:130) ~[spring-context-6.1.6.jar!/:6.1.6]
	at org.springframework.scheduling.support.ScheduledMethodRunnable.lambda$run$2(ScheduledMethodRunnable.java:124) ~[spring-context-6.1.6.jar!/:6.1.6]
	at io.micrometer.observation.Observation.observe(Observation.java:499) ~[micrometer-observation-1.12.5.jar!/:1.12.5]
	at org.springframework.scheduling.support.ScheduledMethodRunnable.run(ScheduledMethodRunnable.java:124) ~[spring-context-6.1.6.jar!/:6.1.6]
	at org.springframework.scheduling.support.DelegatingErrorHandlingRunnable.run(DelegatingErrorHandlingRunnable.java:54) ~[spring-context-6.1.6.jar!/:6.1.6]
	at java.base/java.util.concurrent.Executors$RunnableAdapter.call(Executors.java:545) ~[na:na]
	at java.base/java.util.concurrent.FutureTask.runAndReset(FutureTask.java:369) ~[na:na]
	at java.base/java.util.concurrent.ScheduledThreadPoolExecutor$ScheduledFutureTask.run(ScheduledThreadPoolExecutor.java:310) ~[na:na]
	at java.base/java.util.concurrent.ThreadPoolExecutor.runWorker(ThreadPoolExecutor.java:1090) ~[na:na]
	at java.base/java.util.concurrent.ThreadPoolExecutor$Worker.run(ThreadPoolExecutor.java:614) ~[na:na]
	at java.base/java.lang.Thread.run(Thread.java:1474) ~[na:na]
Caused by: org.hibernate.exception.SQLGrammarException: JDBC exception executing SQL [select a1_0.id,a1_0.bid_count,a1_0.category,a1_0.created_at,a1_0.current_price,a1_0.description,a1_0.end_time,a1_0.item_id,a1_0.seller_id,a1_0.start_time,a1_0.starting_price,a1_0.status,a1_0.title,a1_0.updated_at,a1_0.version,a1_0.winner_id from auction_sessions a1_0 where a1_0.status=? and a1_0.end_time<?] [Table 'railway.auction_sessions' doesn't exist] [n/a]
	at org.hibernate.exception.internal.SQLExceptionTypeDelegate.convert(SQLExceptionTypeDelegate.java:66) ~[hibernate-core-6.4.4.Final.jar!/:6.4.4.Final]
	at org.hibernate.exception.internal.StandardSQLExceptionConverter.convert(StandardSQLExceptionConverter.java:58) ~[hibernate-core-6.4.4.Final.jar!/:6.4.4.Final]
	at org.hibernate.engine.jdbc.spi.SqlExceptionHelper.convert(SqlExceptionHelper.java:108) ~[hibernate-core-6.4.4.Final.jar!/:6.4.4.Final]
	at org.hibernate.engine.jdbc.spi.SqlExceptionHelper.convert(SqlExceptionHelper.java:94) ~[hibernate-core-6.4.4.Final.jar!/:6.4.4.Final]
	at org.hibernate.sql.results.jdbc.internal.DeferredResultSetAccess.executeQuery(DeferredResultSetAccess.java:265) ~[hibernate-core-6.4.4.Final.jar!/:6.4.4.Final]
	at org.hibernate.sql.results.jdbc.internal.DeferredResultSetAccess.getResultSet(DeferredResultSetAccess.java:167) ~[hibernate-core-6.4.4.Final.jar!/:6.4.4.Final]
	at org.hibernate.sql.results.jdbc.internal.JdbcValuesResultSetImpl.advanceNext(JdbcValuesResultSetImpl.java:218) ~[hibernate-core-6.4.4.Final.jar!/:6.4.4.Final]
	at org.hibernate.sql.results.jdbc.internal.JdbcValuesResultSetImpl.processNext(JdbcValuesResultSetImpl.java:98) ~[hibernate-core-6.4.4.Final.jar!/:6.4.4.Final]
	at org.hibernate.sql.results.jdbc.internal.AbstractJdbcValues.next(AbstractJdbcValues.java:19) ~[hibernate-core-6.4.4.Final.jar!/:6.4.4.Final]
	at org.hibernate.sql.results.internal.RowProcessingStateStandardImpl.next(RowProcessingStateStandardImpl.java:66) ~[hibernate-core-6.4.4.Final.jar!/:6.4.4.Final]
	at org.hibernate.sql.results.spi.ListResultsConsumer.consume(ListResultsConsumer.java:202) ~[hibernate-core-6.4.4.Final.jar!/:6.4.4.Final]
	at org.hibernate.sql.results.spi.ListResultsConsumer.consume(ListResultsConsumer.java:33) ~[hibernate-core-6.4.4.Final.jar!/:6.4.4.Final]
	at org.hibernate.sql.exec.internal.JdbcSelectExecutorStandardImpl.doExecuteQuery(JdbcSelectExecutorStandardImpl.java:209) ~[hibernate-core-6.4.4.Final.jar!/:6.4.4.Final]
	at org.hibernate.sql.exec.internal.JdbcSelectExecutorStandardImpl.executeQuery(JdbcSelectExecutorStandardImpl.java:83) ~[hibernate-core-6.4.4.Final.jar!/:6.4.4.Final]
	at org.hibernate.sql.exec.spi.JdbcSelectExecutor.list(JdbcSelectExecutor.java:76) ~[hibernate-core-6.4.4.Final.jar!/:6.4.4.Final]
	at org.hibernate.sql.exec.spi.JdbcSelectExecutor.list(JdbcSelectExecutor.java:65) ~[hibernate-core-6.4.4.Final.jar!/:6.4.4.Final]
	at org.hibernate.query.sqm.internal.ConcreteSqmSelectQueryPlan.lambda$new$2(ConcreteSqmSelectQueryPlan.java:137) ~[hibernate-core-6.4.4.Final.jar!/:6.4.4.Final]
	at org.hibernate.query.sqm.internal.ConcreteSqmSelectQueryPlan.withCacheableSqmInterpretation(ConcreteSqmSelectQueryPlan.java:362) ~[hibernate-core-6.4.4.Final.jar!/:6.4.4.Final]
	at org.hibernate.query.sqm.internal.ConcreteSqmSelectQueryPlan.performList(ConcreteSqmSelectQueryPlan.java:303) ~[hibernate-core-6.4.4.Final.jar!/:6.4.4.Final]
	at org.hibernate.query.sqm.internal.QuerySqmImpl.doList(QuerySqmImpl.java:509) ~[hibernate-core-6.4.4.Final.jar!/:6.4.4.Final]
	at org.hibernate.query.spi.AbstractSelectionQuery.list(AbstractSelectionQuery.java:427) ~[hibernate-core-6.4.4.Final.jar!/:6.4.4.Final]
	at org.hibernate.query.Query.getResultList(Query.java:120) ~[hibernate-core-6.4.4.Final.jar!/:6.4.4.Final]
	at java.base/jdk.internal.reflect.DirectMethodHandleAccessor.invoke(DirectMethodHandleAccessor.java:104) ~[na:na]
	at java.base/java.lang.reflect.Method.invoke(Method.java:565) ~[na:na]
	at org.springframework.orm.jpa.SharedEntityManagerCreator$DeferredQueryInvocationHandler.invoke(SharedEntityManagerCreator.java:415) ~[spring-orm-6.1.6.jar!/:6.1.6]
	at jdk.proxy2/jdk.proxy2.$Proxy157.getResultList(Unknown Source) ~[na:na]
	at org.springframework.data.jpa.repository.query.JpaQueryExecution$CollectionExecution.doExecute(JpaQueryExecution.java:129) ~[spring-data-jpa-3.2.5.jar!/:3.2.5]
	at org.springframework.data.jpa.repository.query.JpaQueryExecution.execute(JpaQueryExecution.java:92) ~[spring-data-jpa-3.2.5.jar!/:3.2.5]
	at org.springframework.data.jpa.repository.query.AbstractJpaQuery.doExecute(AbstractJpaQuery.java:149) ~[spring-data-jpa-3.2.5.jar!/:3.2.5]
	at org.springframework.data.jpa.repository.query.AbstractJpaQuery.execute(AbstractJpaQuery.java:137) ~[spring-data-jpa-3.2.5.jar!/:3.2.5]
	at org.springframework.data.repository.core.support.RepositoryMethodInvoker.doInvoke(RepositoryMethodInvoker.java:170) ~[spring-data-commons-3.2.5.jar!/:3.2.5]
	at org.springframework.data.repository.core.support.RepositoryMethodInvoker.invoke(RepositoryMethodInvoker.java:158) ~[spring-data-commons-3.2.5.jar!/:3.2.5]
	at org.springframework.data.repository.core.support.QueryExecutorMethodInterceptor.doInvoke(QueryExecutorMethodInterceptor.java:164) ~[spring-data-commons-3.2.5.jar!/:3.2.5]
	at org.springframework.data.repository.core.support.QueryExecutorMethodInterceptor.invoke(QueryExecutorMethodInterceptor.java:143) ~[spring-data-commons-3.2.5.jar!/:3.2.5]
	at org.springframework.aop.framework.ReflectiveMethodInvocation.proceed(ReflectiveMethodInvocation.java:184) ~[spring-aop-6.1.6.jar!/:6.1.6]
	at org.springframework.data.projection.DefaultMethodInvokingMethodInterceptor.invoke(DefaultMethodInvokingMethodInterceptor.java:70) ~[spring-data-commons-3.2.5.jar!/:3.2.5]
	at org.springframework.aop.framework.ReflectiveMethodInvocation.proceed(ReflectiveMethodInvocation.java:184) ~[spring-aop-6.1.6.jar!/:6.1.6]
	at org.springframework.transaction.interceptor.TransactionInterceptor$1.proceedWithInvocation(TransactionInterceptor.java:123) ~[spring-tx-6.1.6.jar!/:6.1.6]
	at org.springframework.transaction.interceptor.TransactionAspectSupport.invokeWithinTransaction(TransactionAspectSupport.java:392) ~[spring-tx-6.1.6.jar!/:6.1.6]
	at org.springframework.transaction.interceptor.TransactionInterceptor.invoke(TransactionInterceptor.java:119) ~[spring-tx-6.1.6.jar!/:6.1.6]
	at org.springframework.aop.framework.ReflectiveMethodInvocation.proceed(ReflectiveMethodInvocation.java:184) ~[spring-aop-6.1.6.jar!/:6.1.6]
	at org.springframework.dao.support.PersistenceExceptionTranslationInterceptor.invoke(PersistenceExceptionTranslationInterceptor.java:137) ~[spring-tx-6.1.6.jar!/:6.1.6]
	... 21 common frames omitted
Caused by: java.sql.SQLSyntaxErrorException: Table 'railway.auction_sessions' doesn't exist
	at com.mysql.cj.jdbc.exceptions.SQLError.createSQLException(SQLError.java:121) ~[mysql-connector-j-8.3.0.jar!/:8.3.0]
	at com.mysql.cj.jdbc.exceptions.SQLExceptionsMapping.translateException(SQLExceptionsMapping.java:122) ~[mysql-connector-j-8.3.0.jar!/:8.3.0]
	at com.mysql.cj.jdbc.ClientPreparedStatement.executeInternal(ClientPreparedStatement.java:912) ~[mysql-connector-j-8.3.0.jar!/:8.3.0]
	at com.mysql.cj.jdbc.ClientPreparedStatement.executeQuery(ClientPreparedStatement.java:968) ~[mysql-connector-j-8.3.0.jar!/:8.3.0]
	at com.zaxxer.hikari.pool.ProxyPreparedStatement.executeQuery(ProxyPreparedStatement.java:52) ~[HikariCP-5.0.1.jar!/:na]
	at com.zaxxer.hikari.pool.HikariProxyPreparedStatement.executeQuery(HikariProxyPreparedStatement.java) ~[HikariCP-5.0.1.jar!/:na]
	at org.hibernate.sql.results.jdbc.internal.DeferredResultSetAccess.executeQuery(DeferredResultSetAccess.java:246) ~[hibernate-core-6.4.4.Final.jar!/:6.4.4.Final]
	... 58 common frames omitted

2026-05-26T00:32:06.862+07:00  WARN 15700 --- [auctionweb] [auction-sched-2] o.h.engine.jdbc.spi.SqlExceptionHelper   : SQL Error: 1146, SQLState: 42S02
2026-05-26T00:32:06.863+07:00 ERROR 15700 --- [auctionweb] [auction-sched-2] o.h.engine.jdbc.spi.SqlExceptionHelper   : Table 'railway.auction_sessions' doesn't exist
2026-05-26T00:32:06.863+07:00 ERROR 15700 --- [auctionweb] [auction-sched-2] o.s.s.s.TaskUtils$LoggingErrorHandler    : Unexpected error occurred in scheduled task

org.springframework.dao.InvalidDataAccessResourceUsageException: JDBC exception executing SQL [select a1_0.id,a1_0.bid_count,a1_0.category,a1_0.created_at,a1_0.current_price,a1_0.description,a1_0.end_time,a1_0.item_id,a1_0.seller_id,a1_0.start_time,a1_0.starting_price,a1_0.status,a1_0.title,a1_0.updated_at,a1_0.version,a1_0.winner_id from auction_sessions a1_0 where a1_0.status=? and a1_0.end_time<?] [Table 'railway.auction_sessions' doesn't exist] [n/a]; SQL [n/a]
	at org.springframework.orm.jpa.vendor.HibernateJpaDialect.convertHibernateAccessException(HibernateJpaDialect.java:277) ~[spring-orm-6.1.6.jar!/:6.1.6]
	at org.springframework.orm.jpa.vendor.HibernateJpaDialect.translateExceptionIfPossible(HibernateJpaDialect.java:241) ~[spring-orm-6.1.6.jar!/:6.1.6]
	at org.springframework.orm.jpa.AbstractEntityManagerFactoryBean.translateExceptionIfPossible(AbstractEntityManagerFactoryBean.java:550) ~[spring-orm-6.1.6.jar!/:6.1.6]
	at org.springframework.dao.support.ChainedPersistenceExceptionTranslator.translateExceptionIfPossible(ChainedPersistenceExceptionTranslator.java:61) ~[spring-tx-6.1.6.jar!/:6.1.6]
	at org.springframework.dao.support.DataAccessUtils.translateIfNecessary(DataAccessUtils.java:335) ~[spring-tx-6.1.6.jar!/:6.1.6]
	at org.springframework.dao.support.PersistenceExceptionTranslationInterceptor.invoke(PersistenceExceptionTranslationInterceptor.java:152) ~[spring-tx-6.1.6.jar!/:6.1.6]
	at org.springframework.aop.framework.ReflectiveMethodInvocation.proceed(ReflectiveMethodInvocation.java:184) ~[spring-aop-6.1.6.jar!/:6.1.6]
	at org.springframework.data.jpa.repository.support.CrudMethodMetadataPostProcessor$CrudMethodMetadataPopulatingMethodInterceptor.invoke(CrudMethodMetadataPostProcessor.java:135) ~[spring-data-jpa-3.2.5.jar!/:3.2.5]
	at org.springframework.aop.framework.ReflectiveMethodInvocation.proceed(ReflectiveMethodInvocation.java:184) ~[spring-aop-6.1.6.jar!/:6.1.6]
	at org.springframework.aop.interceptor.ExposeInvocationInterceptor.invoke(ExposeInvocationInterceptor.java:97) ~[spring-aop-6.1.6.jar!/:6.1.6]
	at org.springframework.aop.framework.ReflectiveMethodInvocation.proceed(ReflectiveMethodInvocation.java:184) ~[spring-aop-6.1.6.jar!/:6.1.6]
	at org.springframework.aop.framework.JdkDynamicAopProxy.invoke(JdkDynamicAopProxy.java:223) ~[spring-aop-6.1.6.jar!/:6.1.6]
	at jdk.proxy2/jdk.proxy2.$Proxy143.findByStatusAndEndTimeBefore(Unknown Source) ~[na:na]
	at com.nhom4project.auctionweb.backend.service.AuctionScheduler.checkExpiredAuctions(AuctionScheduler.java:43) ~[!/:0.0.1-SNAPSHOT]
	at java.base/jdk.internal.reflect.DirectMethodHandleAccessor.invoke(DirectMethodHandleAccessor.java:104) ~[na:na]
	at java.base/java.lang.reflect.Method.invoke(Method.java:565) ~[na:na]
	at org.springframework.scheduling.support.ScheduledMethodRunnable.runInternal(ScheduledMethodRunnable.java:130) ~[spring-context-6.1.6.jar!/:6.1.6]
	at org.springframework.scheduling.support.ScheduledMethodRunnable.lambda$run$2(ScheduledMethodRunnable.java:124) ~[spring-context-6.1.6.jar!/:6.1.6]
	at io.micrometer.observation.Observation.observe(Observation.java:499) ~[micrometer-observation-1.12.5.jar!/:1.12.5]
	at org.springframework.scheduling.support.ScheduledMethodRunnable.run(ScheduledMethodRunnable.java:124) ~[spring-context-6.1.6.jar!/:6.1.6]
	at org.springframework.scheduling.support.DelegatingErrorHandlingRunnable.run(DelegatingErrorHandlingRunnable.java:54) ~[spring-context-6.1.6.jar!/:6.1.6]
	at java.base/java.util.concurrent.Executors$RunnableAdapter.call(Executors.java:545) ~[na:na]
	at java.base/java.util.concurrent.FutureTask.runAndReset(FutureTask.java:369) ~[na:na]
	at java.base/java.util.concurrent.ScheduledThreadPoolExecutor$ScheduledFutureTask.run(ScheduledThreadPoolExecutor.java:310) ~[na:na]
	at java.base/java.util.concurrent.ThreadPoolExecutor.runWorker(ThreadPoolExecutor.java:1090) ~[na:na]
	at java.base/java.util.concurrent.ThreadPoolExecutor$Worker.run(ThreadPoolExecutor.java:614) ~[na:na]
	at java.base/java.lang.Thread.run(Thread.java:1474) ~[na:na]
Caused by: org.hibernate.exception.SQLGrammarException: JDBC exception executing SQL [select a1_0.id,a1_0.bid_count,a1_0.category,a1_0.created_at,a1_0.current_price,a1_0.description,a1_0.end_time,a1_0.item_id,a1_0.seller_id,a1_0.start_time,a1_0.starting_price,a1_0.status,a1_0.title,a1_0.updated_at,a1_0.version,a1_0.winner_id from auction_sessions a1_0 where a1_0.status=? and a1_0.end_time<?] [Table 'railway.auction_sessions' doesn't exist] [n/a]
	at org.hibernate.exception.internal.SQLExceptionTypeDelegate.convert(SQLExceptionTypeDelegate.java:66) ~[hibernate-core-6.4.4.Final.jar!/:6.4.4.Final]
	at org.hibernate.exception.internal.StandardSQLExceptionConverter.convert(StandardSQLExceptionConverter.java:58) ~[hibernate-core-6.4.4.Final.jar!/:6.4.4.Final]
	at org.hibernate.engine.jdbc.spi.SqlExceptionHelper.convert(SqlExceptionHelper.java:108) ~[hibernate-core-6.4.4.Final.jar!/:6.4.4.Final]
	at org.hibernate.engine.jdbc.spi.SqlExceptionHelper.convert(SqlExceptionHelper.java:94) ~[hibernate-core-6.4.4.Final.jar!/:6.4.4.Final]
	at org.hibernate.sql.results.jdbc.internal.DeferredResultSetAccess.executeQuery(DeferredResultSetAccess.java:265) ~[hibernate-core-6.4.4.Final.jar!/:6.4.4.Final]
	at org.hibernate.sql.results.jdbc.internal.DeferredResultSetAccess.getResultSet(DeferredResultSetAccess.java:167) ~[hibernate-core-6.4.4.Final.jar!/:6.4.4.Final]
	at org.hibernate.sql.results.jdbc.internal.JdbcValuesResultSetImpl.advanceNext(JdbcValuesResultSetImpl.java:218) ~[hibernate-core-6.4.4.Final.jar!/:6.4.4.Final]
	at org.hibernate.sql.results.jdbc.internal.JdbcValuesResultSetImpl.processNext(JdbcValuesResultSetImpl.java:98) ~[hibernate-core-6.4.4.Final.jar!/:6.4.4.Final]
	at org.hibernate.sql.results.jdbc.internal.AbstractJdbcValues.next(AbstractJdbcValues.java:19) ~[hibernate-core-6.4.4.Final.jar!/:6.4.4.Final]
	at org.hibernate.sql.results.internal.RowProcessingStateStandardImpl.next(RowProcessingStateStandardImpl.java:66) ~[hibernate-core-6.4.4.Final.jar!/:6.4.4.Final]
	at org.hibernate.sql.results.spi.ListResultsConsumer.consume(ListResultsConsumer.java:202) ~[hibernate-core-6.4.4.Final.jar!/:6.4.4.Final]
	at org.hibernate.sql.results.spi.ListResultsConsumer.consume(ListResultsConsumer.java:33) ~[hibernate-core-6.4.4.Final.jar!/:6.4.4.Final]
	at org.hibernate.sql.exec.internal.JdbcSelectExecutorStandardImpl.doExecuteQuery(JdbcSelectExecutorStandardImpl.java:209) ~[hibernate-core-6.4.4.Final.jar!/:6.4.4.Final]
	at org.hibernate.sql.exec.internal.JdbcSelectExecutorStandardImpl.executeQuery(JdbcSelectExecutorStandardImpl.java:83) ~[hibernate-core-6.4.4.Final.jar!/:6.4.4.Final]
	at org.hibernate.sql.exec.spi.JdbcSelectExecutor.list(JdbcSelectExecutor.java:76) ~[hibernate-core-6.4.4.Final.jar!/:6.4.4.Final]
	at org.hibernate.sql.exec.spi.JdbcSelectExecutor.list(JdbcSelectExecutor.java:65) ~[hibernate-core-6.4.4.Final.jar!/:6.4.4.Final]
	at org.hibernate.query.sqm.internal.ConcreteSqmSelectQueryPlan.lambda$new$2(ConcreteSqmSelectQueryPlan.java:137) ~[hibernate-core-6.4.4.Final.jar!/:6.4.4.Final]
	at org.hibernate.query.sqm.internal.ConcreteSqmSelectQueryPlan.withCacheableSqmInterpretation(ConcreteSqmSelectQueryPlan.java:362) ~[hibernate-core-6.4.4.Final.jar!/:6.4.4.Final]
	at org.hibernate.query.sqm.internal.ConcreteSqmSelectQueryPlan.performList(ConcreteSqmSelectQueryPlan.java:303) ~[hibernate-core-6.4.4.Final.jar!/:6.4.4.Final]
	at org.hibernate.query.sqm.internal.QuerySqmImpl.doList(QuerySqmImpl.java:509) ~[hibernate-core-6.4.4.Final.jar!/:6.4.4.Final]
	at org.hibernate.query.spi.AbstractSelectionQuery.list(AbstractSelectionQuery.java:427) ~[hibernate-core-6.4.4.Final.jar!/:6.4.4.Final]
	at org.hibernate.query.Query.getResultList(Query.java:120) ~[hibernate-core-6.4.4.Final.jar!/:6.4.4.Final]
	at java.base/jdk.internal.reflect.DirectMethodHandleAccessor.invoke(DirectMethodHandleAccessor.java:104) ~[na:na]
	at java.base/java.lang.reflect.Method.invoke(Method.java:565) ~[na:na]
	at org.springframework.orm.jpa.SharedEntityManagerCreator$DeferredQueryInvocationHandler.invoke(SharedEntityManagerCreator.java:415) ~[spring-orm-6.1.6.jar!/:6.1.6]
	at jdk.proxy2/jdk.proxy2.$Proxy157.getResultList(Unknown Source) ~[na:na]
	at org.springframework.data.jpa.repository.query.JpaQueryExecution$CollectionExecution.doExecute(JpaQueryExecution.java:129) ~[spring-data-jpa-3.2.5.jar!/:3.2.5]
	at org.springframework.data.jpa.repository.query.JpaQueryExecution.execute(JpaQueryExecution.java:92) ~[spring-data-jpa-3.2.5.jar!/:3.2.5]
	at org.springframework.data.jpa.repository.query.AbstractJpaQuery.doExecute(AbstractJpaQuery.java:149) ~[spring-data-jpa-3.2.5.jar!/:3.2.5]
	at org.springframework.data.jpa.repository.query.AbstractJpaQuery.execute(AbstractJpaQuery.java:137) ~[spring-data-jpa-3.2.5.jar!/:3.2.5]
	at org.springframework.data.repository.core.support.RepositoryMethodInvoker.doInvoke(RepositoryMethodInvoker.java:170) ~[spring-data-commons-3.2.5.jar!/:3.2.5]
	at org.springframework.data.repository.core.support.RepositoryMethodInvoker.invoke(RepositoryMethodInvoker.java:158) ~[spring-data-commons-3.2.5.jar!/:3.2.5]
	at org.springframework.data.repository.core.support.QueryExecutorMethodInterceptor.doInvoke(QueryExecutorMethodInterceptor.java:164) ~[spring-data-commons-3.2.5.jar!/:3.2.5]
	at org.springframework.data.repository.core.support.QueryExecutorMethodInterceptor.invoke(QueryExecutorMethodInterceptor.java:143) ~[spring-data-commons-3.2.5.jar!/:3.2.5]
	at org.springframework.aop.framework.ReflectiveMethodInvocation.proceed(ReflectiveMethodInvocation.java:184) ~[spring-aop-6.1.6.jar!/:6.1.6]
	at org.springframework.data.projection.DefaultMethodInvokingMethodInterceptor.invoke(DefaultMethodInvokingMethodInterceptor.java:70) ~[spring-data-commons-3.2.5.jar!/:3.2.5]
	at org.springframework.aop.framework.ReflectiveMethodInvocation.proceed(ReflectiveMethodInvocation.java:184) ~[spring-aop-6.1.6.jar!/:6.1.6]
	at org.springframework.transaction.interceptor.TransactionInterceptor$1.proceedWithInvocation(TransactionInterceptor.java:123) ~[spring-tx-6.1.6.jar!/:6.1.6]
	at org.springframework.transaction.interceptor.TransactionAspectSupport.invokeWithinTransaction(TransactionAspectSupport.java:392) ~[spring-tx-6.1.6.jar!/:6.1.6]
	at org.springframework.transaction.interceptor.TransactionInterceptor.invoke(TransactionInterceptor.java:119) ~[spring-tx-6.1.6.jar!/:6.1.6]
	at org.springframework.aop.framework.ReflectiveMethodInvocation.proceed(ReflectiveMethodInvocation.java:184) ~[spring-aop-6.1.6.jar!/:6.1.6]
	at org.springframework.dao.support.PersistenceExceptionTranslationInterceptor.invoke(PersistenceExceptionTranslationInterceptor.java:137) ~[spring-tx-6.1.6.jar!/:6.1.6]
	... 21 common frames omitted
Caused by: java.sql.SQLSyntaxErrorException: Table 'railway.auction_sessions' doesn't exist
	at com.mysql.cj.jdbc.exceptions.SQLError.createSQLException(SQLError.java:121) ~[mysql-connector-j-8.3.0.jar!/:8.3.0]
	at com.mysql.cj.jdbc.exceptions.SQLExceptionsMapping.translateException(SQLExceptionsMapping.java:122) ~[mysql-connector-j-8.3.0.jar!/:8.3.0]
	at com.mysql.cj.jdbc.ClientPreparedStatement.executeInternal(ClientPreparedStatement.java:912) ~[mysql-connector-j-8.3.0.jar!/:8.3.0]
	at com.mysql.cj.jdbc.ClientPreparedStatement.executeQuery(ClientPreparedStatement.java:968) ~[mysql-connector-j-8.3.0.jar!/:8.3.0]
	at com.zaxxer.hikari.pool.ProxyPreparedStatement.executeQuery(ProxyPreparedStatement.java:52) ~[HikariCP-5.0.1.jar!/:na]
	at com.zaxxer.hikari.pool.HikariProxyPreparedStatement.executeQuery(HikariProxyPreparedStatement.java) ~[HikariCP-5.0.1.jar!/:na]
	at org.hibernate.sql.results.jdbc.internal.DeferredResultSetAccess.executeQuery(DeferredResultSetAccess.java:246) ~[hibernate-core-6.4.4.Final.jar!/:6.4.4.Final]
	... 58 common frames omitted

2026-05-26T00:32:07.564+07:00  INFO 15700 --- [auctionweb] [SpringApplicationShutdownHook] com.zaxxer.hikari.HikariDataSource       : HikariPool-1 - Shutdown initiated...
2026-05-26T00:32:07.568+07:00  INFO 15700 --- [auctionweb] [SpringApplicationShutdownHook] com.zaxxer.hikari.HikariDataSource       : HikariPool-1 - Shutdown completed.
2026-05-26T00:38:22.056+07:00  INFO 19844 --- [auctionweb] [Thread-0] o.apache.catalina.core.StandardService   : Starting service [Tomcat]
2026-05-26T00:38:22.058+07:00  INFO 19844 --- [auctionweb] [Thread-0] o.apache.catalina.core.StandardEngine    : Starting Servlet engine: [Apache Tomcat/10.1.20]
2026-05-26T00:38:22.095+07:00  INFO 19844 --- [auctionweb] [Thread-0] o.a.c.c.C.[Tomcat].[localhost].[/]       : Initializing Spring embedded WebApplicationContext
2026-05-26T00:38:22.257+07:00  INFO 19844 --- [auctionweb] [Thread-0] o.hibernate.jpa.internal.util.LogHelper  : HHH000204: Processing PersistenceUnitInfo [name: default]
2026-05-26T00:38:22.291+07:00  INFO 19844 --- [auctionweb] [Thread-0] org.hibernate.Version                    : HHH000412: Hibernate ORM core version 6.4.4.Final
2026-05-26T00:38:22.310+07:00  INFO 19844 --- [auctionweb] [Thread-0] o.h.c.internal.RegionFactoryInitiator    : HHH000026: Second-level cache disabled
2026-05-26T00:38:22.456+07:00  INFO 19844 --- [auctionweb] [Thread-0] com.zaxxer.hikari.HikariDataSource       : HikariPool-1 - Starting...
2026-05-26T00:38:23.102+07:00  INFO 19844 --- [auctionweb] [Thread-0] com.zaxxer.hikari.pool.HikariPool        : HikariPool-1 - Added connection com.mysql.cj.jdbc.ConnectionImpl@1caaf777
2026-05-26T00:38:23.104+07:00  INFO 19844 --- [auctionweb] [Thread-0] com.zaxxer.hikari.HikariDataSource       : HikariPool-1 - Start completed.
2026-05-26T00:38:23.239+07:00  WARN 19844 --- [auctionweb] [Thread-0] org.hibernate.orm.deprecation            : HHH90000025: MySQLDialect does not need to be specified explicitly using 'hibernate.dialect' (remove the property setting and it will be selected by default)
2026-05-26T00:38:23.911+07:00  INFO 19844 --- [auctionweb] [Thread-0] o.h.e.t.j.p.i.JtaPlatformInitiator       : HHH000489: No JTA platform available (set 'hibernate.transaction.jta.platform' to enable JTA platform integration)
2026-05-26T00:38:31.423+07:00  INFO 19844 --- [auctionweb] [http-nio-8080-exec-1] o.a.c.c.C.[Tomcat].[localhost].[/]       : Initializing Spring DispatcherServlet 'dispatcherServlet'
2026-05-26T00:39:13.145+07:00  INFO 19844 --- [auctionweb] [SpringApplicationShutdownHook] com.zaxxer.hikari.HikariDataSource       : HikariPool-1 - Shutdown initiated...
2026-05-26T00:39:13.149+07:00  INFO 19844 --- [auctionweb] [SpringApplicationShutdownHook] com.zaxxer.hikari.HikariDataSource       : HikariPool-1 - Shutdown completed.
